date,ticker,model,actual,forecast
2021-02-28,SPY,GB,0.02780565662313661,0.020830061302104377
2021-02-28,SPY,HistMean,0.02780565662313661,0.013392224968158312
2021-02-28,SPY,RF,0.02780565662313661,0.010784743478853484
2021-02-28,SPY,Ridge,0.02780565662313661,0.00942582331417745
2021-02-28,XLB,GB,0.041194777849633324,0.001174958056674413
2021-02-28,XLB,HistMean,0.041194777849633324,0.013015433673067988
2021-02-28,XLB,RF,0.041194777849633324,0.010658240225057531
2021-02-28,XLB,Ridge,0.041194777849633324,-0.010541869070791425
2021-02-28,XLE,GB,0.22456785585537986,0.05071435591726198
2021-02-28,XLE,HistMean,0.22456785585537986,0.0014500086681789408
2021-02-28,XLE,RF,0.22456785585537986,0.0017331587715516726
2021-02-28,XLE,Ridge,0.22456785585537986,0.0389331955815524
2021-02-28,XLF,GB,0.11606185032573513,-0.03870347546029857
2021-02-28,XLF,HistMean,0.11606185032573513,0.011713827919792518
2021-02-28,XLF,RF,0.11606185032573513,0.004059388545148199
2021-02-28,XLF,Ridge,0.11606185032573513,0.008641944001425164
2021-02-28,XLI,GB,0.06889235517744652,-0.013165496928829304
2021-02-28,XLI,HistMean,0.06889235517744652,0.012078492096301272
2021-02-28,XLI,RF,0.06889235517744652,-0.01176815658759962
2021-02-28,XLI,Ridge,0.06889235517744652,-0.009283928772655953
2021-02-28,XLK,GB,0.013650861770754696,0.05942797876153001
2021-02-28,XLK,HistMean,0.013650861770754696,0.02171557051540712
2021-02-28,XLK,RF,0.013650861770754696,0.04245658828164882
2021-02-28,XLK,Ridge,0.013650861770754696,0.06798788657317605
2021-02-28,XLP,GB,-0.012326342860715767,0.06372743217197573
2021-02-28,XLP,HistMean,-0.012326342860715767,0.006813448734027041
2021-02-28,XLP,RF,-0.012326342860715767,0.03122908603259702
2021-02-28,XLP,Ridge,-0.012326342860715767,0.06365367347370023
2021-02-28,XLU,GB,-0.060981498661201394,0.044578766528708305
2021-02-28,XLU,HistMean,-0.060981498661201394,0.008787296766895734
2021-02-28,XLU,RF,-0.060981498661201394,0.03467157371891875
2021-02-28,XLU,Ridge,-0.060981498661201394,0.08487867396181449
2021-02-28,XLV,GB,-0.021038000091901488,-0.011043947269688765
2021-02-28,XLV,HistMean,-0.021038000091901488,0.011447168326053222
2021-02-28,XLV,RF,-0.021038000091901488,-0.002230277397055467
2021-02-28,XLV,Ridge,-0.021038000091901488,0.0006855859937808639
2021-02-28,XLY,GB,-0.005308118876239387,-0.02056927918962203
2021-02-28,XLY,HistMean,-0.005308118876239387,0.015568838222156803
2021-02-28,XLY,RF,-0.005308118876239387,-0.0028453375835709315
2021-02-28,XLY,Ridge,-0.005308118876239387,-0.016450336354434592
2021-03-31,SPY,GB,0.04539921408774528,0.028439085407091894
2021-03-31,SPY,HistMean,0.04539921408774528,0.013628510732994021
2021-03-31,SPY,RF,0.04539921408774528,0.012143357531476365
2021-03-31,SPY,Ridge,0.04539921408774528,0.03705533705357074
2021-03-31,XLB,GB,0.0759042217731356,0.010980435557588819
2021-03-31,XLB,HistMean,0.0759042217731356,0.013477390134978897
2021-03-31,XLB,RF,0.0759042217731356,0.010925545253875516
2021-03-31,XLB,Ridge,0.0759042217731356,0.03521444882451412
2021-03-31,XLE,GB,0.029709993801166235,0.11350525219212064
2021-03-31,XLE,HistMean,0.029709993801166235,0.005107678294198628
2021-03-31,XLE,RF,0.029709993801166235,0.028497812709860255
2021-03-31,XLE,Ridge,0.029709993801166235,0.08652575277511337
2021-03-31,XLF,GB,0.05852420002444081,0.02445525190338842
2021-03-31,XLF,HistMean,0.05852420002444081,0.013424451237922724
2021-03-31,XLF,RF,0.05852420002444081,0.014528980307040513
2021-03-31,XLF,Ridge,0.05852420002444081,-0.026511252965625648
2021-03-31,XLI,GB,0.08986845102386298,0.00133870528029052
2021-03-31,XLI,HistMean,0.08986845102386298,0.013009866900910211
2021-03-31,XLI,RF,0.08986845102386298,0.0014002453356408205
2021-03-31,XLI,Ridge,0.08986845102386298,0.015895220633478806
2021-03-31,XLK,GB,0.018366666974606094,0.05329362940615616
2021-03-31,XLK,HistMean,0.018366666974606094,0.02158336217533085
2021-03-31,XLK,RF,0.018366666974606094,0.028483587081681014
2021-03-31,XLK,Ridge,0.018366666974606094,0.09710846938481696
2021-03-31,XLP,GB,0.08498192548135641,0.03563315001971362
2021-03-31,XLP,HistMean,0.08498192548135641,0.006499681658703388
2021-03-31,XLP,RF,0.08498192548135641,0.021502725647269405
2021-03-31,XLP,Ridge,0.08498192548135641,0.035043899049450204
2021-03-31,XLU,GB,0.10552057938776738,0.005788622072954328
2021-03-31,XLU,HistMean,0.10552057938776738,0.007643546022172831
2021-03-31,XLU,RF,0.10552057938776738,0.0029098273008113912
2021-03-31,XLU,Ridge,0.10552057938776738,0.02634043256374715
2021-03-31,XLV,GB,0.0402733498420238,0.020086844199386385
2021-03-31,XLV,HistMean,0.0402733498420238,0.010914624581496587
2021-03-31,XLV,RF,0.0402733498420238,0.0030853965117065047
2021-03-31,XLV,Ridge,0.0402733498420238,0.004353673082838651
2021-03-31,XLY,GB,0.04459828993135728,0.007318627694125366
2021-03-31,XLY,HistMean,0.04459828993135728,0.01522659302382244
2021-03-31,XLY,RF,0.04459828993135728,0.014169360540539421
2021-03-31,XLY,Ridge,0.04459828993135728,0.03963782875820234
2021-04-30,SPY,GB,0.05291048388233688,-0.010123374640859549
2021-04-30,SPY,HistMean,0.05291048388233688,0.014140941432264202
2021-04-30,SPY,RF,0.05291048388233688,0.0016112645863652244
2021-04-30,SPY,Ridge,0.05291048388233688,0.0020612866393780304
2021-04-30,XLB,GB,0.0538068562883538,0.016331587318748463
2021-04-30,XLB,HistMean,0.0538068562883538,0.014484274516239489
2021-04-30,XLB,RF,0.0538068562883538,0.010449999363567046
2021-04-30,XLB,Ridge,0.0538068562883538,0.015684811581430806
2021-04-30,XLE,GB,0.006726287078306692,0.030346053558399644
2021-04-30,XLE,HistMean,0.006726287078306692,0.005504489834633589
2021-04-30,XLE,RF,0.006726287078306692,0.01868019793276828
2021-04-30,XLE,Ridge,0.006726287078306692,0.027069693723329846
2021-04-30,XLF,GB,0.06490440853814317,0.022890863246702118
2021-04-30,XLF,HistMean,0.06490440853814317,0.01415186654093108
2021-04-30,XLF,RF,0.06490440853814317,0.015091493958623688
2021-04-30,XLF,Ridge,0.06490440853814317,-0.10949109979770325
2021-04-30,XLI,GB,0.03534800290173168,0.03154040918697212
2021-04-30,XLI,HistMean,0.03534800290173168,0.014249521483538481
2021-04-30,XLI,RF,0.03534800290173168,0.012735860004456423
2021-04-30,XLI,Ridge,0.03534800290173168,0.010588515606780143
2021-04-30,XLK,GB,0.05187870140226791,0.036678265807991696
2021-04-30,XLK,HistMean,0.05187870140226791,0.021531479994674
2021-04-30,XLK,RF,0.05187870140226791,0.02196793982336289
2021-04-30,XLK,Ridge,0.05187870140226791,0.020591869129886198
2021-04-30,XLP,GB,0.018591886522430157,0.00814241037276938
2021-04-30,XLP,HistMean,0.018591886522430157,0.0077655243010042434
2021-04-30,XLP,RF,0.018591886522430157,0.013132123674531539
2021-04-30,XLP,Ridge,0.018591886522430157,0.015480005481516762
2021-04-30,XLU,GB,0.04184880272423719,-0.07362439648964077
2021-04-30,XLU,HistMean,0.04184880272423719,0.009222207850650161
2021-04-30,XLU,RF,0.04184880272423719,-0.010784464050853189
2021-04-30,XLU,Ridge,0.04184880272423719,-0.03912296152642403
2021-04-30,XLV,GB,0.03931826866988941,0.0014611309105461118
2021-04-30,XLV,HistMean,0.03931826866988941,0.011388152408279284
2021-04-30,XLV,RF,0.03931826866988941,0.00579738345028086
2021-04-30,XLV,Ridge,0.03931826866988941,-0.00971243252781014
2021-04-30,XLY,GB,0.06455625763840134,-0.027813632531391633
2021-04-30,XLY,HistMean,0.06455625763840134,0.015700330070718162
2021-04-30,XLY,RF,0.06455625763840134,0.0017529369270937816
2021-04-30,XLY,Ridge,0.06455625763840134,-0.05504238980253146
2021-05-31,SPY,GB,0.006566174651836398,0.0006355892056200132
2021-05-31,SPY,HistMean,0.006566174651836398,0.01475633099496377
2021-05-31,SPY,RF,0.006566174651836398,-0.012541352688059301
2021-05-31,SPY,Ridge,0.006566174651836398,-0.004195228690676289
2021-05-31,XLB,GB,0.05081914314503755,-0.008476757540797008
2021-05-31,XLB,HistMean,0.05081914314503755,0.015108442480876222
2021-05-31,XLB,RF,0.05081914314503755,0.0026212801263581897
2021-05-31,XLB,Ridge,0.05081914314503755,0.010456121603087004
2021-05-31,XLE,GB,0.05709651915790137,-0.016676635337148773
2021-05-31,XLE,HistMean,0.05709651915790137,0.00552388344167602
2021-05-31,XLE,RF,0.05709651915790137,-0.0007199096457369997
2021-05-31,XLE,Ridge,0.05709651915790137,-0.03670341485003309
2021-05-31,XLF,GB,0.04771133784901194,0.010450758855823887
2021-05-31,XLF,HistMean,0.04771133784901194,0.014957462445648733
2021-05-31,XLF,RF,0.04771133784901194,0.016014978931313196
2021-05-31,XLF,Ridge,0.04771133784901194,-0.035362743414386916
2021-05-31,XLI,GB,0.0312962704773494,-0.007102056125821723
2021-05-31,XLI,HistMean,0.0312962704773494,0.014584418013985993
2021-05-31,XLI,RF,0.0312962704773494,-0.0015494404162852858
2021-05-31,XLI,Ridge,0.0312962704773494,0.002323922145416657
2021-05-31,XLK,GB,-0.009305469124824772,0.019494359881703355
2021-05-31,XLK,HistMean,-0.009305469124824772,0.022013181921778664
2021-05-31,XLK,RF,-0.009305469124824772,0.014244840179240895
2021-05-31,XLK,Ridge,-0.009305469124824772,-0.004107154968821351
2021-05-31,XLP,GB,0.01767745541597976,-0.02972168332373241
2021-05-31,XLP,HistMean,0.01767745541597976,0.007937371320391956
2021-05-31,XLP,RF,0.01767745541597976,-0.005671231976569354
2021-05-31,XLP,Ridge,0.01767745541597976,-0.020467313159476322
2021-05-31,XLU,GB,-0.02338124277771314,-0.004958368169799084
2021-05-31,XLU,HistMean,-0.02338124277771314,0.009740090308961067
2021-05-31,XLU,RF,-0.02338124277771314,0.0040110709258743245
2021-05-31,XLU,Ridge,-0.02338124277771314,-0.015946626288251387
2021-05-31,XLV,GB,0.01870914511502475,-0.023375400522839963
2021-05-31,XLV,HistMean,0.01870914511502475,0.011831487587035
2021-05-31,XLV,RF,0.01870914511502475,-0.028944687611964538
2021-05-31,XLV,Ridge,0.01870914511502475,-0.014190435494191234
2021-05-31,XLY,GB,-0.03398164623910627,-0.03433525524995519
2021-05-31,XLY,HistMean,-0.03398164623910627,0.01647582098449091
2021-05-31,XLY,RF,-0.03398164623910627,-0.004216335113195052
2021-05-31,XLY,Ridge,-0.03398164623910627,-0.06270896066716537
2021-06-30,SPY,GB,0.022427461773900204,0.0005336836242702816
2021-06-30,SPY,HistMean,0.022427461773900204,0.014628359802102404
2021-06-30,SPY,RF,0.022427461773900204,-0.008202826529576827
2021-06-30,SPY,Ridge,0.022427461773900204,0.004525698036315213
2021-06-30,XLB,GB,-0.0526322195261425,0.040027095675257585
2021-06-30,XLB,HistMean,-0.0526322195261425,0.015666422178753744
2021-06-30,XLB,RF,-0.0526322195261425,0.014510662134969488
2021-06-30,XLB,Ridge,-0.0526322195261425,0.016295060651811275
2021-06-30,XLE,GB,0.04233941062456004,0.009054528025001694
2021-06-30,XLE,HistMean,0.04233941062456004,0.006329705874742041
2021-06-30,XLE,RF,0.04233941062456004,-0.015152305411734526
2021-06-30,XLE,Ridge,0.04233941062456004,-0.016362894929503838
2021-06-30,XLF,GB,-0.030394070531307937,0.07479622018719576
2021-06-30,XLF,HistMean,-0.030394070531307937,0.015469241748826282
2021-06-30,XLF,RF,-0.030394070531307937,0.03241311468831195
2021-06-30,XLF,Ridge,-0.030394070531307937,-0.02946524069875256
2021-06-30,XLI,GB,-0.022794855930767577,0.011336343352242073
2021-06-30,XLI,HistMean,-0.022794855930767577,0.014845540708726046
2021-06-30,XLI,RF,-0.022794855930767577,0.003744087307075151
2021-06-30,XLI,Ridge,-0.022794855930767577,0.011071978536577955
2021-06-30,XLK,GB,0.06886301825519148,0.011391655811667286
2021-06-30,XLK,HistMean,0.06886301825519148,0.021523827999175484
2021-06-30,XLK,RF,0.06886301825519148,0.005614552749302636
2021-06-30,XLK,Ridge,0.06886301825519148,0.01015556898167597
2021-06-30,XLP,GB,-0.005444331711324191,0.013105666759372282
2021-06-30,XLP,HistMean,-0.005444331711324191,0.008089560134385516
2021-06-30,XLP,RF,-0.005444331711324191,0.005841998103562197
2021-06-30,XLP,Ridge,-0.005444331711324191,0.010248845576129496
2021-06-30,XLU,GB,-0.022083032255795998,-0.0031904427512589634
2021-06-30,XLU,HistMean,-0.022083032255795998,0.009222569479481782
2021-06-30,XLU,RF,-0.022083032255795998,0.004967229956426131
2021-06-30,XLU,Ridge,-0.022083032255795998,-0.012418352409574148
2021-06-30,XLV,GB,0.02298962539882954,-0.015268963462804415
2021-06-30,XLV,HistMean,0.02298962539882954,0.01193895098590984
2021-06-30,XLV,RF,0.02298962539882954,-0.0015893309266314173
2021-06-30,XLV,Ridge,0.02298962539882954,0.003396405185080253
2021-06-30,XLY,GB,0.03456869742811164,-0.0003691327669714216
2021-06-30,XLY,HistMean,0.03456869742811164,0.015687423059122206
2021-06-30,XLY,RF,0.03456869742811164,0.0036763970209330145
2021-06-30,XLY,Ridge,0.03456869742811164,0.007746296865017892
2021-07-31,SPY,GB,0.02441231169825575,0.019803094387028382
2021-07-31,SPY,HistMean,0.02441231169825575,0.014748345986283908
2021-07-31,SPY,RF,0.02441231169825575,0.005388847005822623
2021-07-31,SPY,Ridge,0.02441231169825575,0.014881246541888259
2021-07-31,XLB,GB,0.020775202429624606,-0.008876852218199107
2021-07-31,XLB,HistMean,0.020775202429624606,0.014615673844832262
2021-07-31,XLB,RF,0.020775202429624606,-0.01775550289342037
2021-07-31,XLB,Ridge,0.020775202429624606,-0.010607555003362973
2021-07-31,XLE,GB,-0.08316340398666522,0.03490740718937279
2021-07-31,XLE,HistMean,-0.08316340398666522,0.006883701332431548
2021-07-31,XLE,RF,-0.08316340398666522,0.010648832527034368
2021-07-31,XLE,Ridge,-0.08316340398666522,0.012018239013280994
2021-07-31,XLF,GB,-0.004633236392339701,-0.0647350975316908
2021-07-31,XLF,HistMean,-0.004633236392339701,0.01476365232913191
2021-07-31,XLF,RF,-0.004633236392339701,-0.002180382912521183
2021-07-31,XLF,Ridge,-0.004633236392339701,-0.046299915171397844
2021-07-31,XLI,GB,0.009374909576872259,0.0359996698909607
2021-07-31,XLI,HistMean,0.009374909576872259,0.014266457683503066
2021-07-31,XLI,RF,0.009374909576872259,0.01058757969559192
2021-07-31,XLI,Ridge,0.009374909576872259,0.021535059411374805
2021-07-31,XLK,GB,0.038873069969489915,0.012002593534347438
2021-07-31,XLK,HistMean,0.038873069969489915,0.02225212323388342
2021-07-31,XLK,RF,0.038873069969489915,0.011509616264131313
2021-07-31,XLK,Ridge,0.038873069969489915,-0.0003189518531330482
2021-07-31,XLP,GB,0.022009607632228256,0.011815554587603413
2021-07-31,XLP,HistMean,0.022009607632228256,0.007881346413682289
2021-07-31,XLP,RF,0.022009607632228256,0.014403101122629458
2021-07-31,XLP,Ridge,0.022009607632228256,0.013694341374466323
2021-07-31,XLU,GB,0.04333398973367575,0.013437537754991048
2021-07-31,XLU,HistMean,0.04333398973367575,0.008740944837400585
2021-07-31,XLU,RF,0.04333398973367575,0.009286844100900324
2021-07-31,XLU,Ridge,0.04333398973367575,-0.008074991504665013
2021-07-31,XLV,GB,0.04922598264434308,0.02205320443453652
2021-07-31,XLV,HistMean,0.04922598264434308,0.01210896136149322
2021-07-31,XLV,RF,0.04922598264434308,0.010410135042009787
2021-07-31,XLV,Ridge,0.04922598264434308,0.016227836938345376
2021-07-31,XLY,GB,0.01052926269031973,0.015671013824668054
2021-07-31,XLY,HistMean,0.01052926269031973,0.015977904203260507
2021-07-31,XLY,RF,0.01052926269031973,0.01674838545012656
2021-07-31,XLY,Ridge,0.01052926269031973,-0.006261949585237497
2021-08-31,SPY,GB,0.029759894168293943,0.04687385721452821
2021-08-31,SPY,HistMean,0.029759894168293943,0.014894769709192573
2021-08-31,SPY,RF,0.029759894168293943,0.017904167968624873
2021-08-31,SPY,Ridge,0.029759894168293943,0.010770154144495704
2021-08-31,XLB,GB,0.018924100329615445,-0.00813282639331266
2021-08-31,XLB,HistMean,0.018924100329615445,0.014709000035510934
2021-08-31,XLB,RF,0.018924100329615445,-0.005746427824179076
2021-08-31,XLB,Ridge,0.018924100329615445,-0.017206619993351678
2021-08-31,XLE,GB,-0.020044191672387357,-0.06474617959199214
2021-08-31,XLE,HistMean,-0.020044191672387357,0.005519351251839173
2021-08-31,XLE,RF,-0.020044191672387357,-0.0029153345313616503
2021-08-31,XLE,Ridge,-0.020044191672387357,-0.03761270760091095
2021-08-31,XLF,GB,0.051478449995714826,-0.014631726478051216
2021-08-31,XLF,HistMean,0.051478449995714826,0.01446976007577628
2021-08-31,XLF,RF,0.051478449995714826,0.0032691025451858685
2021-08-31,XLF,Ridge,0.051478449995714826,-0.04560052991225737
2021-08-31,XLI,GB,0.011126076180718814,0.011128501154264904
2021-08-31,XLI,HistMean,0.011126076180718814,0.014192343318251085
2021-08-31,XLI,RF,0.011126076180718814,0.011958667313020473
2021-08-31,XLI,Ridge,0.011126076180718814,0.00654749985162964
2021-08-31,XLK,GB,0.035593630675349486,0.01030885581772736
2021-08-31,XLK,HistMean,0.035593630675349486,0.02250395576018049
2021-08-31,XLK,RF,0.035593630675349486,0.014098964912825362
2021-08-31,XLK,Ridge,0.035593630675349486,-0.0009491473492462404
2021-08-31,XLP,GB,0.010487899115068977,0.006938766692802108
2021-08-31,XLP,HistMean,0.010487899115068977,0.008095410977599653
2021-08-31,XLP,RF,0.010487899115068977,0.012551029348159522
2021-08-31,XLP,Ridge,0.010487899115068977,-0.011177396452777648
2021-08-31,XLU,GB,0.038957224272892166,0.0151850009875501
2021-08-31,XLU,HistMean,0.038957224272892166,0.009265081881283542
2021-08-31,XLU,RF,0.038957224272892166,0.00935121727297482
2021-08-31,XLU,Ridge,0.038957224272892166,-0.0002836117401703482
2021-08-31,XLV,GB,0.02315552854013503,0.018140229942046414
2021-08-31,XLV,HistMean,0.02315552854013503,0.01267134047183943
2021-08-31,XLV,RF,0.02315552854013503,0.01300731952542644
2021-08-31,XLV,Ridge,0.02315552854013503,0.0022870289992892173
2021-08-31,XLY,GB,0.017846033045160414,0.02022169489792391
2021-08-31,XLY,HistMean,0.017846033045160414,0.015895349028822007
2021-08-31,XLY,RF,0.017846033045160414,0.017352837056869675
2021-08-31,XLY,Ridge,0.017846033045160414,0.01861011463634922
2021-09-30,SPY,GB,-0.04660545059373922,0.010970298326619166
2021-09-30,SPY,HistMean,-0.04660545059373922,0.015116637238432894
2021-09-30,SPY,RF,-0.04660545059373922,0.010254671818280095
2021-09-30,SPY,Ridge,-0.04660545059373922,0.0064128150508461195
2021-09-30,XLB,GB,-0.07188630087178316,-0.014972586494835082
2021-09-30,XLB,HistMean,-0.07188630087178316,0.014771911980199061
2021-09-30,XLB,RF,-0.07188630087178316,-0.03092032352587454
2021-09-30,XLB,Ridge,-0.07188630087178316,-0.02623742561190863
2021-09-30,XLE,GB,0.08931499910873297,-0.037479216663786064
2021-09-30,XLE,HistMean,0.08931499910873297,0.005137805835059673
2021-09-30,XLE,RF,0.08931499910873297,-0.04345399822780085
2021-09-30,XLE,Ridge,0.08931499910873297,0.0006769770941857985
2021-09-30,XLF,GB,-0.01842492120978667,-0.0002363763516590969
2021-09-30,XLF,HistMean,-0.01842492120978667,0.015022128582044018
2021-09-30,XLF,RF,-0.01842492120978667,0.005989764384703501
2021-09-30,XLF,Ridge,-0.01842492120978667,-0.0390274700815951
2021-09-30,XLI,GB,-0.06079796499528001,-0.012714079150459955
2021-09-30,XLI,HistMean,-0.06079796499528001,0.014146578137093887
2021-09-30,XLI,RF,-0.06079796499528001,0.0037067794726969357
2021-09-30,XLI,Ridge,-0.06079796499528001,0.012451286242265488
2021-09-30,XLK,GB,-0.05839964332750103,-0.028997028792994563
2021-09-30,XLK,HistMean,-0.05839964332750103,0.022699324042496447
2021-09-30,XLK,RF,-0.05839964332750103,-0.009493358605271819
2021-09-30,XLK,Ridge,-0.05839964332750103,-0.007401050154449029
2021-09-30,XLP,GB,-0.041391676614091266,0.0149597892553444
2021-09-30,XLP,HistMean,-0.041391676614091266,0.008131119755770836
2021-09-30,XLP,RF,-0.041391676614091266,0.006779255919901891
2021-09-30,XLP,Ridge,-0.041391676614091266,-0.00842590429270908
2021-09-30,XLU,GB,-0.06093241621050305,0.006085860743880257
2021-09-30,XLU,HistMean,-0.06093241621050305,0.00970824818563591
2021-09-30,XLU,RF,-0.06093241621050305,0.0009233661995411424
2021-09-30,XLU,Ridge,-0.06093241621050305,0.00027378522453239476
2021-09-30,XLV,GB,-0.055184255773740754,0.03143722954592456
2021-09-30,XLV,HistMean,-0.055184255773740754,0.012827820890769216
2021-09-30,XLV,RF,-0.055184255773740754,-0.0030781304015837416
2021-09-30,XLV,Ridge,-0.055184255773740754,0.013270529608424807
2021-09-30,XLY,GB,-0.02140770049905072,0.01704650461229678
2021-09-30,XLY,HistMean,-0.02140770049905072,0.01592446371563303
2021-09-30,XLY,RF,-0.02140770049905072,0.0177571535768698
2021-09-30,XLY,Ridge,-0.02140770049905072,0.021291697232101246
2021-10-31,SPY,GB,0.07016352185271613,-0.03912556527174281
2021-10-31,SPY,HistMean,0.07016352185271613,0.014208959476195068
2021-10-31,SPY,RF,0.07016352185271613,-0.0052379599740772316
2021-10-31,SPY,Ridge,0.07016352185271613,0.019958968590116463
2021-10-31,XLB,GB,0.07597070319802923,0.03328996369165177
2021-10-31,XLB,HistMean,0.07597070319802923,0.013497526497081677
2021-10-31,XLB,RF,0.07597070319802923,0.016007727663082415
2021-10-31,XLB,Ridge,0.07597070319802923,0.032373772161023384
2021-10-31,XLE,GB,0.10328293815041079,0.050685834242260586
2021-10-31,XLE,HistMean,0.10328293815041079,0.006375705736143104
2021-10-31,XLE,RF,0.10328293815041079,0.04882939012038819
2021-10-31,XLE,Ridge,0.10328293815041079,0.00525226505460075
2021-10-31,XLF,GB,0.0727417426391197,0.015145952731805674
2021-10-31,XLF,HistMean,0.0727417426391197,0.014530260202752391
2021-10-31,XLF,RF,0.0727417426391197,0.014510213115832312
2021-10-31,XLF,Ridge,0.0727417426391197,0.0007018837771516524
2021-10-31,XLI,GB,0.06796810868074066,0.03365671136707628
2021-10-31,XLI,HistMean,0.06796810868074066,0.013044452502794271
2021-10-31,XLI,RF,0.06796810868074066,0.005857855824186719
2021-10-31,XLI,Ridge,0.06796810868074066,0.05149566402319726
2021-10-31,XLK,GB,0.08177021421723385,-0.029075104383270645
2021-10-31,XLK,HistMean,0.08177021421723385,0.021506692169408245
2021-10-31,XLK,RF,0.08177021421723385,-0.001262553042427921
2021-10-31,XLK,Ridge,0.08177021421723385,0.0031102086016657135
2021-10-31,XLP,GB,0.035008953858653324,0.03293667377127463
2021-10-31,XLP,HistMean,0.035008953858653324,0.007402843338566982
2021-10-31,XLP,RF,0.035008953858653324,0.011640190730266581
2021-10-31,XLP,Ridge,0.035008953858653324,0.03792178297857588
2021-10-31,XLU,GB,0.047432591449661166,0.015185045851094165
2021-10-31,XLU,HistMean,0.047432591449661166,0.00866941488569269
2021-10-31,XLU,RF,0.047432591449661166,0.007373830035970343
2021-10-31,XLU,Ridge,0.047432591449661166,0.0069506269481408554
2021-10-31,XLV,GB,0.051217480665294746,0.0014702836729233637
2021-10-31,XLV,HistMean,0.051217480665294746,0.011827643292761716
2021-10-31,XLV,RF,0.051217480665294746,0.006136049251840499
2021-10-31,XLV,Ridge,0.051217480665294746,-0.000806291207931055
2021-10-31,XLY,GB,0.12092508381810574,0.014758666936600101
2021-10-31,XLY,HistMean,0.12092508381810574,0.01537546130071121
2021-10-31,XLY,RF,0.12092508381810574,0.014197807999954858
2021-10-31,XLY,Ridge,0.12092508381810574,0.015772888383923538
2021-11-30,SPY,GB,-0.008034840829721168,0.008869250499619077
2021-11-30,SPY,HistMean,-0.008034840829721168,0.015019895162811315
2021-11-30,SPY,RF,-0.008034840829721168,0.00715853359705865
2021-11-30,SPY,Ridge,-0.008034840829721168,0.02368651468317866
2021-11-30,XLB,GB,-0.0055217688194061365,0.01967138225719603
2021-11-30,XLB,HistMean,-0.0055217688194061365,0.014402934855066423
2021-11-30,XLB,RF,-0.0055217688194061365,0.01380201183603177
2021-11-30,XLB,Ridge,-0.0055217688194061365,-0.0023539462560263364
2021-11-30,XLE,GB,-0.050113231066746367,0.041136350652042894
2021-11-30,XLE,HistMean,-0.050113231066746367,0.007780158379828143
2021-11-30,XLE,RF,-0.050113231066746367,0.013638015352480173
2021-11-30,XLE,Ridge,-0.050113231066746367,0.027777604952061392
2021-11-30,XLF,GB,-0.05712862064846791,0.05689315491202789
2021-11-30,XLF,HistMean,-0.05712862064846791,0.015373904875743222
2021-11-30,XLF,RF,-0.05712862064846791,0.02498768254558843
2021-11-30,XLF,Ridge,-0.05712862064846791,0.03430924123679453
2021-11-30,XLI,GB,-0.03560165774324586,0.02945006946369252
2021-11-30,XLI,HistMean,-0.03560165774324586,0.013840447519865958
2021-11-30,XLI,RF,-0.03560165774324586,0.015056585662629981
2021-11-30,XLI,Ridge,-0.03560165774324586,0.01791890930828271
2021-11-30,XLK,GB,0.044512264050940775,-0.014734233962468984
2021-11-30,XLK,HistMean,0.044512264050940775,0.022380076546912965
2021-11-30,XLK,RF,0.044512264050940775,0.007954248788423324
2021-11-30,XLK,Ridge,0.044512264050940775,-0.0013340087254046368
2021-11-30,XLP,GB,-0.01347352049812467,0.0176446283273739
2021-11-30,XLP,HistMean,-0.01347352049812467,0.007802931896829103
2021-11-30,XLP,RF,-0.01347352049812467,0.015335336987290352
2021-11-30,XLP,Ridge,-0.01347352049812467,0.0301312049634221
2021-11-30,XLU,GB,-0.01703772640351553,0.0019776741919345564
2021-11-30,XLU,HistMean,-0.01703772640351553,0.009231200053286436
2021-11-30,XLU,RF,-0.01703772640351553,-0.003701875431396843
2021-11-30,XLU,Ridge,-0.01703772640351553,0.013656246793312803
2021-11-30,XLV,GB,-0.030563379711519567,0.021770583969585183
2021-11-30,XLV,HistMean,-0.030563379711519567,0.012398510501059296
2021-11-30,XLV,RF,-0.030563379711519567,0.014159583948117858
2021-11-30,XLV,Ridge,-0.030563379711519567,0.004162787723455989
2021-11-30,XLY,GB,0.016356196608665607,0.025323736730881095
2021-11-30,XLY,HistMean,0.016356196608665607,0.016905165974876346
2021-11-30,XLY,RF,0.016356196608665607,0.009066891243423877
2021-11-30,XLY,Ridge,0.016356196608665607,0.04613227536041925
2021-12-31,SPY,GB,0.04624803147670442,-0.015263692256249482
2021-12-31,SPY,HistMean,0.04624803147670442,0.014690541791489422
2021-12-31,SPY,RF,0.04624803147670442,-0.006056157976232686
2021-12-31,SPY,Ridge,0.04624803147670442,0.013304300515220894
2021-12-31,XLB,GB,0.07583231388942102,0.04203532645338636
2021-12-31,XLB,HistMean,0.07583231388942102,0.014118296231145386
2021-12-31,XLB,RF,0.07583231388942102,0.025184782261639446
2021-12-31,XLB,Ridge,0.07583231388942102,0.028600245755980712
2021-12-31,XLE,GB,0.029833885360457835,0.05142439984724215
2021-12-31,XLE,HistMean,0.029833885360457835,0.0069531099591627924
2021-12-31,XLE,RF,0.029833885360457835,0.05384951959807609
2021-12-31,XLE,Ridge,0.029833885360457835,0.046163127514841924
2021-12-31,XLF,GB,0.0336429655316024,0.020223130261991
2021-12-31,XLF,HistMean,0.0336429655316024,0.014338154511111633
2021-12-31,XLF,RF,0.0336429655316024,0.007598178815179433
2021-12-31,XLF,Ridge,0.0336429655316024,0.01388306413899909
2021-12-31,XLI,GB,0.05397615985486226,0.03627545009150759
2021-12-31,XLI,HistMean,0.05397615985486226,0.013134131730392932
2021-12-31,XLI,RF,0.05397615985486226,0.02379244973431037
2021-12-31,XLI,Ridge,0.05397615985486226,0.06530917357587648
2021-12-31,XLK,GB,0.03247327558338431,0.0001935626582776606
2021-12-31,XLK,HistMean,0.03247327558338431,0.022696250654113362
2021-12-31,XLK,RF,0.03247327558338431,0.0002943044975374554
2021-12-31,XLK,Ridge,0.03247327558338431,-0.015450251052355438
2021-12-31,XLP,GB,0.10454658895041558,0.008119452390860704
2021-12-31,XLP,HistMean,0.10454658895041558,0.007498982576901192
2021-12-31,XLP,RF,0.10454658895041558,0.010023064083771165
2021-12-31,XLP,Ridge,0.10454658895041558,0.02494191955667846
2021-12-31,XLU,GB,0.09689271422893442,-0.018825892891911906
2021-12-31,XLU,HistMean,0.09689271422893442,0.008855929675332122
2021-12-31,XLU,RF,0.09689271422893442,-0.0048649148156213315
2021-12-31,XLU,Ridge,0.09689271422893442,-0.0001925890986286035
2021-12-31,XLV,GB,0.09019837005624987,0.0029812967274816314
2021-12-31,XLV,HistMean,0.09019837005624987,0.01178476921230817
2021-12-31,XLV,RF,0.09019837005624987,0.006533424264502694
2021-12-31,XLV,Ridge,0.09019837005624987,0.014330366052998571
2021-12-31,XLY,GB,0.0014973743633543979,-0.013467020992809288
2021-12-31,XLY,HistMean,0.0014973743633543979,0.016897323555359053
2021-12-31,XLY,RF,0.0014973743633543979,-0.00035726742416019837
2021-12-31,XLY,Ridge,0.0014973743633543979,0.06014574765579915
2022-01-31,SPY,GB,-0.05274139332378991,-0.013512292487913547
2022-01-31,SPY,HistMean,-0.05274139332378991,0.015135013477196676
2022-01-31,SPY,RF,-0.05274139332378991,-0.0027299764688494075
2022-01-31,SPY,Ridge,-0.05274139332378991,0.006423005312577662
2022-01-31,XLB,GB,-0.06798388878571693,0.004598740261586119
2022-01-31,XLB,HistMean,-0.06798388878571693,0.014987507747459128
2022-01-31,XLB,RF,-0.06798388878571693,0.014590913015080288
2022-01-31,XLB,Ridge,-0.06798388878571693,0.012649774771802728
2022-01-31,XLE,GB,0.18774767604785336,-0.026254242984370395
2022-01-31,XLE,HistMean,0.18774767604785336,0.007275374401434553
2022-01-31,XLE,RF,0.18774767604785336,-0.007060102629016686
2022-01-31,XLE,Ridge,0.18774767604785336,-0.023054264856201746
2022-01-31,XLF,GB,0.0002562648928983169,-0.015582637972737965
2022-01-31,XLF,HistMean,0.0002562648928983169,0.014610053257879108
2022-01-31,XLF,RF,0.0002562648928983169,-0.002312869561073051
2022-01-31,XLF,Ridge,0.0002562648928983169,-0.011597880680158231
2022-01-31,XLI,GB,-0.04791620737525337,-0.006614360269724254
2022-01-31,XLI,HistMean,-0.04791620737525337,0.013709371563131937
2022-01-31,XLI,RF,-0.04791620737525337,-0.005344844484295208
2022-01-31,XLI,Ridge,-0.04791620737525337,0.010577878476034488
2022-01-31,XLK,GB,-0.06844184383754548,0.025483794466995332
2022-01-31,XLK,HistMean,-0.06844184383754548,0.022833955230581966
2022-01-31,XLK,RF,-0.06844184383754548,0.01128374014482322
2022-01-31,XLK,Ridge,-0.06844184383754548,0.011817963590240493
2022-01-31,XLP,GB,-0.014784012176240702,0.009026834243528807
2022-01-31,XLP,HistMean,-0.014784012176240702,0.008865850272302803
2022-01-31,XLP,RF,-0.014784012176240702,0.003156171505038587
2022-01-31,XLP,Ridge,-0.014784012176240702,0.02294502387058891
2022-01-31,XLU,GB,-0.03255123292208151,0.007554384485513136
2022-01-31,XLU,HistMean,-0.03255123292208151,0.01009588438735469
2022-01-31,XLU,RF,-0.03255123292208151,-0.01336313846246824
2022-01-31,XLU,Ridge,-0.03255123292208151,-0.027722502487544383
2022-01-31,XLV,GB,-0.06856420927812334,-0.025696814837359593
2022-01-31,XLV,HistMean,-0.06856420927812334,0.012889186125603122
2022-01-31,XLV,RF,-0.06856420927812334,-0.004912694942765007
2022-01-31,XLV,Ridge,-0.06856420927812334,-0.0317619544095888
2022-01-31,XLY,GB,-0.0953336214745426,-0.0054407346084865945
2022-01-31,XLY,HistMean,-0.0953336214745426,0.016680422862513915
2022-01-31,XLY,RF,-0.0953336214745426,0.005467347170148533
2022-01-31,XLY,Ridge,-0.0953336214745426,0.04984715308179555
2022-02-28,SPY,GB,-0.029516992382245477,0.03037963897717916
2022-02-28,SPY,HistMean,-0.029516992382245477,0.01419228560496075
2022-02-28,SPY,RF,-0.029516992382245477,0.022036027139104717
2022-02-28,SPY,Ridge,-0.029516992382245477,0.04266730167793368
2022-02-28,XLB,GB,-0.012670060116334203,0.04996250314875481
2022-02-28,XLB,HistMean,-0.012670060116334203,0.013835127240053905
2022-02-28,XLB,RF,-0.012670060116334203,0.04743178745061273
2022-02-28,XLB,Ridge,-0.012670060116334203,0.08764390015420606
2022-02-28,XLE,GB,0.0706921196577932,0.16844190207615656
2022-02-28,XLE,HistMean,0.0706921196577932,0.009781934146523704
2022-02-28,XLE,RF,0.0706921196577932,0.06766553383663512
2022-02-28,XLE,Ridge,0.0706921196577932,0.11275358410007483
2022-02-28,XLF,GB,-0.013824977848126196,-0.0010972169799242433
2022-02-28,XLF,HistMean,-0.013824977848126196,0.014410695086143264
2022-02-28,XLF,RF,-0.013824977848126196,0.018482127808107755
2022-02-28,XLF,Ridge,-0.013824977848126196,0.02725784323877424
2022-02-28,XLI,GB,-0.008437279630236771,0.07543746972422666
2022-02-28,XLI,HistMean,-0.008437279630236771,0.01285346074454325
2022-02-28,XLI,RF,-0.008437279630236771,0.03858305653084876
2022-02-28,XLI,Ridge,-0.008437279630236771,0.09261267194195066
2022-02-28,XLK,GB,-0.04877438395546563,0.0031970026627648174
2022-02-28,XLK,HistMean,-0.04877438395546563,0.021566235799080197
2022-02-28,XLK,RF,-0.04877438395546563,0.012997447694561909
2022-02-28,XLK,Ridge,-0.04877438395546563,0.04691667132700503
2022-02-28,XLP,GB,-0.01408435198444169,0.003779711444871038
2022-02-28,XLP,HistMean,-0.01408435198444169,0.008537379960517476
2022-02-28,XLP,RF,-0.01408435198444169,0.01269995795799625
2022-02-28,XLP,Ridge,-0.01408435198444169,0.010240652961968268
2022-02-28,XLU,GB,-0.01906112056690845,0.015935653152322055
2022-02-28,XLU,HistMean,-0.01906112056690845,0.009503563313612521
2022-02-28,XLU,RF,-0.01906112056690845,0.0011299761926704358
2022-02-28,XLU,Ridge,-0.01906112056690845,-0.003888099719214097
2022-02-28,XLV,GB,-0.009677374131548233,0.02814482454714217
2022-02-28,XLV,HistMean,-0.009677374131548233,0.011757888967218032
2022-02-28,XLV,RF,-0.009677374131548233,0.02798664267341535
2022-02-28,XLV,Ridge,-0.009677374131548233,0.009196835474715222
2022-02-28,XLY,GB,-0.04065974948017592,0.01187754307568488
2022-02-28,XLY,HistMean,-0.04065974948017592,0.015124672246721463
2022-02-28,XLY,RF,-0.04065974948017592,0.02085800118137826
2022-02-28,XLY,Ridge,-0.04065974948017592,0.057608360186604625
2022-03-31,SPY,GB,0.037590257003936145,0.017103366014794005
2022-03-31,SPY,HistMean,0.037590257003936145,0.013593528372259295
2022-03-31,SPY,RF,0.037590257003936145,0.011384146099049995
2022-03-31,SPY,Ridge,0.037590257003936145,0.0424283809574061
2022-03-31,XLB,GB,0.061188809968586444,0.0314713250736162
2022-03-31,XLB,HistMean,0.061188809968586444,0.013472042481747219
2022-03-31,XLB,RF,0.061188809968586444,0.03920206838854647
2022-03-31,XLB,Ridge,0.061188809968586444,0.07597505757430266
2022-03-31,XLE,GB,0.09338581521358003,0.06407529681936645
2022-03-31,XLE,HistMean,0.09338581521358003,0.010616320249417806
2022-03-31,XLE,RF,0.09338581521358003,0.06999761246882756
2022-03-31,XLE,Ridge,0.09338581521358003,0.14783814170225484
2022-03-31,XLF,GB,-0.0013000206680890969,0.06845084797418324
2022-03-31,XLF,HistMean,-0.0013000206680890969,0.014023905045947792
2022-03-31,XLF,RF,-0.0013000206680890969,0.015155344009522483
2022-03-31,XLF,Ridge,-0.0013000206680890969,0.03647187392681228
2022-03-31,XLI,GB,0.03436373374378987,0.01738580835294659
2022-03-31,XLI,HistMean,0.03436373374378987,0.012561806766806538
2022-03-31,XLI,RF,0.03436373374378987,0.02182880835509245
2022-03-31,XLI,Ridge,0.03436373374378987,0.10283351857419101
2022-03-31,XLK,GB,0.03345017347968127,0.01393666225319148
2022-03-31,XLK,HistMean,0.03345017347968127,0.020602665665456283
2022-03-31,XLK,RF,0.03345017347968127,0.017617173267734227
2022-03-31,XLK,Ridge,0.03345017347968127,0.05771308865862443
2022-03-31,XLP,GB,0.017813331923483444,-0.007585059352662833
2022-03-31,XLP,HistMean,0.017813331923483444,0.008227493221545434
2022-03-31,XLP,RF,0.017813331923483444,0.006607744879032998
2022-03-31,XLP,Ridge,0.017813331923483444,0.0032574462667989794
2022-03-31,XLU,GB,0.10345239443370247,-0.015083284851585745
2022-03-31,XLU,HistMean,0.10345239443370247,0.00911226627415333
2022-03-31,XLU,RF,0.10345239443370247,-0.006428072534157763
2022-03-31,XLU,Ridge,0.10345239443370247,-0.005549173703059988
2022-03-31,XLV,GB,0.05738168282666778,0.0018596492820186939
2022-03-31,XLV,HistMean,0.05738168282666778,0.011464255226139043
2022-03-31,XLV,RF,0.05738168282666778,0.014083055433929225
2022-03-31,XLV,Ridge,0.05738168282666778,0.01608063294648935
2022-03-31,XLY,GB,0.0442668105254711,-0.03374328942215965
2022-03-31,XLY,HistMean,0.0442668105254711,0.014360502086079033
2022-03-31,XLY,RF,0.0442668105254711,0.011699058596195208
2022-03-31,XLY,Ridge,0.0442668105254711,0.040775327657036065
2022-04-30,SPY,GB,-0.08776886348449386,-0.05258425473480075
2022-04-30,SPY,HistMean,-0.08776886348449386,0.013917808488903578
2022-04-30,SPY,RF,-0.08776886348449386,-0.017922334609231132
2022-04-30,SPY,Ridge,-0.08776886348449386,0.026937633596349923
2022-04-30,XLB,GB,-0.03539415569662574,0.045336506580964386
2022-04-30,XLB,HistMean,-0.03539415569662574,0.014116863664001805
2022-04-30,XLB,RF,-0.03539415569662574,0.036158795050071794
2022-04-30,XLB,Ridge,-0.03539415569662574,0.060992677414899665
2022-04-30,XLE,GB,-0.016875935819787857,0.09405992821345122
2022-04-30,XLE,HistMean,-0.016875935819787857,0.011734826938122701
2022-04-30,XLE,RF,-0.016875935819787857,0.04633957732365571
2022-04-30,XLE,Ridge,-0.016875935819787857,0.1135106041307845
2022-04-30,XLF,GB,-0.09942555910652306,-0.03521451888811897
2022-04-30,XLF,HistMean,-0.09942555910652306,0.013816824968731078
2022-04-30,XLF,RF,-0.09942555910652306,-0.035155218629717676
2022-04-30,XLF,Ridge,-0.09942555910652306,0.044194900689681134
2022-04-30,XLI,GB,-0.07613128356877574,0.010842338603302606
2022-04-30,XLI,HistMean,-0.07613128356877574,0.012856427401630639
2022-04-30,XLI,RF,-0.07613128356877574,0.00044983321413791163
2022-04-30,XLI,Ridge,-0.07613128356877574,0.0749498266385785
2022-04-30,XLK,GB,-0.11017443737194543,0.03249161012070347
2022-04-30,XLK,HistMean,-0.11017443737194543,0.020776280635918784
2022-04-30,XLK,RF,-0.11017443737194543,0.024373738876745467
2022-04-30,XLK,Ridge,-0.11017443737194543,0.0357075407360453
2022-04-30,XLP,GB,0.023059698518384852,0.008619931042844507
2022-04-30,XLP,HistMean,0.023059698518384852,0.008357031582382433
2022-04-30,XLP,RF,0.023059698518384852,0.00857078631310874
2022-04-30,XLP,Ridge,0.023059698518384852,-0.01681248580879275
2022-04-30,XLU,GB,-0.04297582571817771,0.041455478099700224
2022-04-30,XLU,HistMean,-0.04297582571817771,0.010387132870903993
2022-04-30,XLU,RF,-0.04297582571817771,-0.007528543977613206
2022-04-30,XLU,Ridge,-0.04297582571817771,-0.016727698804192063
2022-04-30,XLV,GB,-0.04890888479355249,0.039948991797739516
2022-04-30,XLV,HistMean,-0.04890888479355249,0.012084761004524566
2022-04-30,XLV,RF,-0.04890888479355249,0.0230166058887266
2022-04-30,XLV,Ridge,-0.04890888479355249,0.004636361333586393
2022-04-30,XLY,GB,-0.11956778926456257,0.012113458964364995
2022-04-30,XLY,HistMean,-0.11956778926456257,0.014764641389314062
2022-04-30,XLY,RF,-0.11956778926456257,0.009609860344016046
2022-04-30,XLY,Ridge,-0.11956778926456257,0.04149064031244752
2022-05-31,SPY,GB,0.002256970224321586,0.037286358596292715
2022-05-31,SPY,HistMean,0.002256970224321586,0.012561986195924945
2022-05-31,SPY,RF,0.002256970224321586,0.03488439691639371
2022-05-31,SPY,Ridge,0.002256970224321586,0.05097659083616619
2022-05-31,XLB,GB,0.011760669747231667,0.06385419435930008
2022-05-31,XLB,HistMean,0.011760669747231667,0.013456716739193438
2022-05-31,XLB,RF,0.011760669747231667,0.03983533006671792
2022-05-31,XLB,Ridge,0.011760669747231667,0.10683496774679374
2022-05-31,XLE,GB,0.1603456370229528,0.058914485764436565
2022-05-31,XLE,HistMean,0.1603456370229528,0.01135335010135056
2022-05-31,XLE,RF,0.1603456370229528,0.06543088329059366
2022-05-31,XLE,Ridge,0.1603456370229528,0.06980501813194137
2022-05-31,XLF,GB,0.02781785271959869,-0.05390696296825334
2022-05-31,XLF,HistMean,0.02781785271959869,0.012306926514394356
2022-05-31,XLF,RF,0.02781785271959869,-0.03017461596431941
2022-05-31,XLF,Ridge,0.02781785271959869,0.026231813008661047
2022-05-31,XLI,GB,-0.004624787199507097,0.043810888380144145
2022-05-31,XLI,HistMean,-0.004624787199507097,0.011669924588691887
2022-05-31,XLI,RF,-0.004624787199507097,0.016140455577144726
2022-05-31,XLI,Ridge,-0.004624787199507097,0.07047031635368206
2022-05-31,XLK,GB,-0.006859149414284893,0.04729349957884606
2022-05-31,XLK,HistMean,-0.006859149414284893,0.019030271062480595
2022-05-31,XLK,RF,-0.006859149414284893,0.035146443973727216
2022-05-31,XLK,Ridge,-0.006859149414284893,0.0608362609340809
2022-05-31,XLP,GB,-0.040829249861221606,0.01777138470629071
2022-05-31,XLP,HistMean,-0.040829249861221606,0.008553067141529131
2022-05-31,XLP,RF,-0.040829249861221606,0.011597671857360652
2022-05-31,XLP,Ridge,-0.040829249861221606,0.014092741022108937
2022-05-31,XLU,GB,0.04308154595265923,0.03500389383440838
2022-05-31,XLU,HistMean,0.04308154595265923,0.009675626756382904
2022-05-31,XLU,RF,0.04308154595265923,0.014571238813391722
2022-05-31,XLU,Ridge,0.04308154595265923,0.014327734738486938
2022-05-31,XLV,GB,0.014890072284151623,0.010787638429680573
2022-05-31,XLV,HistMean,0.014890072284151623,0.01127151239388354
2022-05-31,XLV,RF,0.014890072284151623,0.0366245867224401
2022-05-31,XLV,Ridge,0.014890072284151623,0.03507070292935992
2022-05-31,XLY,GB,-0.05120327452675155,0.1281668184010183
2022-05-31,XLY,HistMean,-0.05120327452675155,0.01297354231392904
2022-05-31,XLY,RF,-0.05120327452675155,0.04042515567560719
2022-05-31,XLY,Ridge,-0.05120327452675155,0.08883099444184654
2022-06-30,SPY,GB,-0.08246034575025596,-0.02515501301768366
2022-06-30,SPY,HistMean,-0.08246034575025596,0.012426393880509113
2022-06-30,SPY,RF,-0.08246034575025596,-0.004165089512938442
2022-06-30,SPY,Ridge,-0.08246034575025596,0.040191744803034855
2022-06-30,XLB,GB,-0.13856312876571053,-0.004951288278291341
2022-06-30,XLB,HistMean,-0.13856312876571053,0.013434400331404467
2022-06-30,XLB,RF,-0.13856312876571053,0.024840945549547702
2022-06-30,XLB,Ridge,-0.13856312876571053,0.07250675567408278
2022-06-30,XLE,GB,-0.1707345911805327,0.02092292034164526
2022-06-30,XLE,HistMean,-0.1707345911805327,0.013313774929266378
2022-06-30,XLE,RF,-0.1707345911805327,0.04308498611431149
2022-06-30,XLE,Ridge,-0.1707345911805327,0.06950748079055463
2022-06-30,XLF,GB,-0.10860889234523752,-0.05590002940587933
2022-06-30,XLF,HistMean,-0.10860889234523752,0.01251101764867336
2022-06-30,XLF,RF,-0.10860889234523752,-0.03298960488178579
2022-06-30,XLF,Ridge,-0.10860889234523752,0.011255480593131275
2022-06-30,XLI,GB,-0.07366984887853412,0.029146829126980783
2022-06-30,XLI,HistMean,-0.07366984887853412,0.011455520486215584
2022-06-30,XLI,RF,-0.07366984887853412,0.012318111239969617
2022-06-30,XLI,Ridge,-0.07366984887853412,0.03535519514120886
2022-06-30,XLK,GB,-0.09255703455177133,-0.029130338757180758
2022-06-30,XLK,HistMean,-0.09255703455177133,0.01868962079304947
2022-06-30,XLK,RF,-0.09255703455177133,0.0026687487639365255
2022-06-30,XLK,Ridge,-0.09255703455177133,0.06492086652500341
2022-06-30,XLP,GB,-0.023472701751311775,0.035773729754472974
2022-06-30,XLP,HistMean,-0.023472701751311775,0.00790329981254557
2022-06-30,XLP,RF,-0.023472701751311775,0.018983167075199692
2022-06-30,XLP,Ridge,-0.023472701751311775,0.001170890458441579
2022-06-30,XLU,GB,-0.048954507717497764,-0.006293370075733014
2022-06-30,XLU,HistMean,-0.048954507717497764,0.010115178324754961
2022-06-30,XLU,RF,-0.048954507717497764,-0.006605631047263893
2022-06-30,XLU,Ridge,-0.048954507717497764,-0.00666719577282829
2022-06-30,XLV,GB,-0.026080583054830297,0.01010517362656978
2022-06-30,XLV,HistMean,-0.026080583054830297,0.011319125024018646
2022-06-30,XLV,RF,-0.026080583054830297,0.016403665279831628
2022-06-30,XLV,Ridge,-0.026080583054830297,0.017430328786709887
2022-06-30,XLY,GB,-0.10833500120720674,0.0103525784325467
2022-06-30,XLY,HistMean,-0.10833500120720674,0.012129110513393769
2022-06-30,XLY,RF,-0.10833500120720674,-0.014374414844048253
2022-06-30,XLY,Ridge,-0.10833500120720674,0.02650885036690391
2022-07-31,SPY,GB,0.09208750889930539,0.09201742436239463
2022-07-31,SPY,HistMean,0.09208750889930539,0.011194098560629046
2022-07-31,SPY,RF,0.09208750889930539,0.05180362754656393
2022-07-31,SPY,Ridge,0.09208750889930539,0.047736431673943966
2022-07-31,XLB,GB,0.061549101277349916,0.06114916071192348
2022-07-31,XLB,HistMean,0.061549101277349916,0.01146040644702635
2022-07-31,XLB,RF,0.061549101277349916,0.05120079233582226
2022-07-31,XLB,Ridge,0.061549101277349916,0.06934745966611836
2022-07-31,XLE,GB,0.09662993341494919,-0.04355470593872085
2022-07-31,XLE,HistMean,0.09662993341494919,0.010923536408359896
2022-07-31,XLE,RF,0.09662993341494919,0.026310826541979172
2022-07-31,XLE,Ridge,0.09662993341494919,0.009940177197887281
2022-07-31,XLF,GB,0.07186016077940915,0.08673493021079749
2022-07-31,XLF,HistMean,0.07186016077940915,0.010938031804596597
2022-07-31,XLF,RF,0.07186016077940915,0.04631717328428674
2022-07-31,XLF,Ridge,0.07186016077940915,0.0522056023384769
2022-07-31,XLI,GB,0.09503085694643154,-0.07431516794512802
2022-07-31,XLI,HistMean,0.09503085694643154,0.010349996208751301
2022-07-31,XLI,RF,0.09503085694643154,0.028282213192415563
2022-07-31,XLI,Ridge,0.09503085694643154,0.05575800232270596
2022-07-31,XLK,GB,0.13451848321394366,-0.012010256422369671
2022-07-31,XLK,HistMean,0.13451848321394366,0.017244859035324526
2022-07-31,XLK,RF,0.13451848321394366,-0.004510880844352342
2022-07-31,XLK,Ridge,0.13451848321394366,0.02713725314672464
2022-07-31,XLP,GB,0.03200346083135419,0.04366743233760589
2022-07-31,XLP,HistMean,0.03200346083135419,0.007495819272755215
2022-07-31,XLP,RF,0.03200346083135419,0.028921174731085342
2022-07-31,XLP,Ridge,0.03200346083135419,0.06133593981846648
2022-07-31,XLU,GB,0.05447017039167146,0.05758844153606696
2022-07-31,XLU,HistMean,0.05447017039167146,0.009348039544985445
2022-07-31,XLU,RF,0.05447017039167146,0.02674508135102767
2022-07-31,XLU,Ridge,0.05447017039167146,0.043686373470635066
2022-07-31,XLV,GB,0.032439394186819515,0.05522620215547559
2022-07-31,XLV,HistMean,0.032439394186819515,0.01083341452948814
2022-07-31,XLV,RF,0.032439394186819515,0.03646046543072
2022-07-31,XLV,Ridge,0.032439394186819515,0.07849867064699646
2022-07-31,XLY,GB,0.18439044823836337,0.04140065303490062
2022-07-31,XLY,HistMean,0.18439044823836337,0.010564641530009347
2022-07-31,XLY,RF,0.18439044823836337,0.0037492298755840638
2022-07-31,XLY,Ridge,0.18439044823836337,0.0229340678963477
2022-08-31,SPY,GB,-0.040801991463419784,0.09744629141113934
2022-08-31,SPY,HistMean,-0.040801991463419784,0.01223119356497105
2022-08-31,SPY,RF,-0.040801991463419784,0.04762664690185929
2022-08-31,SPY,Ridge,-0.040801991463419784,0.021422763756199295
2022-08-31,XLB,GB,-0.03481358356186537,-0.0399137435018959
2022-08-31,XLB,HistMean,-0.03481358356186537,0.012102569201261267
2022-08-31,XLB,RF,-0.03481358356186537,-0.0061730348382090065
2022-08-31,XLB,Ridge,-0.03481358356186537,0.031280770673540494
2022-08-31,XLE,GB,0.026523758943955977,-0.020868712910532588
2022-08-31,XLE,HistMean,0.026523758943955977,0.012022336369982836
2022-08-31,XLE,RF,0.026523758943955977,0.002894032500153261
2022-08-31,XLE,Ridge,0.026523758943955977,-0.030143573715740883
2022-08-31,XLF,GB,-0.019578687944519113,0.0005643364218489087
2022-08-31,XLF,HistMean,-0.019578687944519113,0.011719084740171117
2022-08-31,XLF,RF,-0.019578687944519113,0.016157821786429917
2022-08-31,XLF,Ridge,-0.019578687944519113,0.0060237969612724415
2022-08-31,XLI,GB,-0.028335430459403788,0.03841913084011284
2022-08-31,XLI,HistMean,-0.028335430459403788,0.011435648269490792
2022-08-31,XLI,RF,-0.028335430459403788,0.0321235512182281
2022-08-31,XLI,Ridge,-0.028335430459403788,0.004255507999352563
2022-08-31,XLK,GB,-0.062127419305336606,0.05004254136997835
2022-08-31,XLK,HistMean,-0.062127419305336606,0.018748367037614514
2022-08-31,XLK,RF,-0.062127419305336606,0.0580687292909775
2022-08-31,XLK,Ridge,-0.062127419305336606,0.026370769273519577
2022-08-31,XLP,GB,-0.01852602341749854,0.02674585826095416
2022-08-31,XLP,HistMean,-0.01852602341749854,0.007810019805557766
2022-08-31,XLP,RF,-0.01852602341749854,0.030602228713577588
2022-08-31,XLP,Ridge,-0.01852602341749854,0.052489731979395556
2022-08-31,XLU,GB,0.005273811857230415,0.018503412527234572
2022-08-31,XLU,HistMean,0.005273811857230415,0.00992652840199424
2022-08-31,XLU,RF,0.005273811857230415,0.004119951529260113
2022-08-31,XLU,Ridge,0.005273811857230415,0.017614813519747006
2022-08-31,XLV,GB,-0.057704118560232165,0.027149735933380253
2022-08-31,XLV,HistMean,-0.057704118560232165,0.011110414268684695
2022-08-31,XLV,RF,-0.057704118560232165,0.02569301735388396
2022-08-31,XLV,Ridge,-0.057704118560232165,0.06462539248644429
2022-08-31,XLY,GB,-0.04495459774370414,0.03454067882820453
2022-08-31,XLY,HistMean,-0.04495459774370414,0.012793177513449784
2022-08-31,XLY,RF,-0.04495459774370414,0.028454404359199596
2022-08-31,XLY,Ridge,-0.04495459774370414,0.024854292820560463
2022-09-30,SPY,GB,-0.09244573222191832,0.07822337373128113
2022-09-30,SPY,HistMean,-0.09244573222191832,0.011559887425371167
2022-09-30,SPY,RF,-0.09244573222191832,0.052033600892868515
2022-09-30,SPY,Ridge,-0.09244573222191832,0.01859175894989204
2022-09-30,XLB,GB,-0.0930296737413383,0.051030574950795604
2022-09-30,XLB,HistMean,-0.0930296737413383,0.011508693849829284
2022-09-30,XLB,RF,-0.0930296737413383,0.033714258979095614
2022-09-30,XLB,Ridge,-0.0930296737413383,0.04251388788003718
2022-09-30,XLE,GB,-0.09558734005734759,0.09285691984745327
2022-09-30,XLE,HistMean,-0.09558734005734759,0.012205898681045787
2022-09-30,XLE,RF,-0.09558734005734759,0.08191020513424593
2022-09-30,XLE,Ridge,-0.09558734005734759,0.0002292985427511992
2022-09-30,XLF,GB,-0.07655954800166931,0.08540347865403719
2022-09-30,XLF,HistMean,-0.07655954800166931,0.011322910402390227
2022-09-30,XLF,RF,-0.07655954800166931,0.03512547157032597
2022-09-30,XLF,Ridge,-0.07655954800166931,0.014524488133401963
2022-09-30,XLI,GB,-0.10430920371538388,0.033864887293819666
2022-09-30,XLI,HistMean,-0.10430920371538388,0.01093221689317567
2022-09-30,XLI,RF,-0.10430920371538388,0.041363647473794056
2022-09-30,XLI,Ridge,-0.10430920371538388,0.020344706054086135
2022-09-30,XLK,GB,-0.11967106449553311,-0.03381778092550879
2022-09-30,XLK,HistMean,-0.11967106449553311,0.01772462290669108
2022-09-30,XLK,RF,-0.11967106449553311,0.019936165271832274
2022-09-30,XLK,Ridge,-0.11967106449553311,0.01209204454834598
2022-09-30,XLP,GB,-0.08132864256647165,0.02847171241403113
2022-09-30,XLP,HistMean,-0.08132864256647165,0.007476652169822876
2022-09-30,XLP,RF,-0.08132864256647165,0.02288564111585835
2022-09-30,XLP,Ridge,-0.08132864256647165,0.0417380405139087
2022-09-30,XLU,GB,-0.11281005553624934,0.01814815727446299
2022-09-30,XLU,HistMean,-0.11281005553624934,0.009867633255857988
2022-09-30,XLU,RF,-0.11281005553624934,0.020943571603310306
2022-09-30,XLU,Ridge,-0.11281005553624934,0.026044926946455
2022-09-30,XLV,GB,-0.02538676953499175,0.015828895056196727
2022-09-30,XLV,HistMean,-0.02538676953499175,0.01023934423287562
2022-09-30,XLV,RF,-0.02538676953499175,0.02092359522253088
2022-09-30,XLV,Ridge,-0.02538676953499175,0.05269930264591241
2022-09-30,XLY,GB,-0.08206405437877551,-0.008781930381940738
2022-09-30,XLY,HistMean,-0.08206405437877551,0.012062193016523785
2022-09-30,XLY,RF,-0.08206405437877551,0.01750122515945731
2022-09-30,XLY,Ridge,-0.08206405437877551,0.03496979061151133
2022-10-31,SPY,GB,0.08127529984663506,-0.128374082273244
2022-10-31,SPY,HistMean,0.08127529984663506,0.010259817179780046
2022-10-31,SPY,RF,0.08127529984663506,-0.012454300764457723
2022-10-31,SPY,Ridge,0.08127529984663506,0.016523098767722455
2022-10-31,XLB,GB,0.08925163552289828,0.005072210196697084
2022-10-31,XLB,HistMean,0.08925163552289828,0.010201964254939688
2022-10-31,XLB,RF,0.08925163552289828,0.06141808644100815
2022-10-31,XLB,Ridge,0.08925163552289828,0.05265311002963288
2022-10-31,XLE,GB,0.24965295655261666,-0.06391026590027152
2022-10-31,XLE,HistMean,0.24965295655261666,0.010858483196815871
2022-10-31,XLE,RF,0.24965295655261666,0.04449465283722081
2022-10-31,XLE,Ridge,0.24965295655261666,0.022650534824076717
2022-10-31,XLF,GB,0.11923603773159641,0.041239641536351825
2022-10-31,XLF,HistMean,0.11923603773159641,0.010224379672339483
2022-10-31,XLF,RF,0.11923603773159641,0.026072037048700966
2022-10-31,XLF,Ridge,0.11923603773159641,0.033313669096316875
2022-10-31,XLI,GB,0.13894238580120466,-0.08673300528011368
2022-10-31,XLI,HistMean,0.13894238580120466,0.009491699135568677
2022-10-31,XLI,RF,0.13894238580120466,0.017469812929323106
2022-10-31,XLI,Ridge,0.13894238580120466,0.022277190085280264
2022-10-31,XLK,GB,0.07652814299799116,-0.11601582914391755
2022-10-31,XLK,HistMean,0.07652814299799116,0.016007176814163276
2022-10-31,XLK,RF,0.07652814299799116,-0.04505883687980923
2022-10-31,XLK,Ridge,0.07652814299799116,-0.009165285978384067
2022-10-31,XLP,GB,0.09006452766342976,-0.045509663877428136
2022-10-31,XLP,HistMean,0.09006452766342976,0.006366585985619194
2022-10-31,XLP,RF,0.09006452766342976,0.01481010933509372
2022-10-31,XLP,Ridge,0.09006452766342976,0.049640689594967514
2022-10-31,XLU,GB,0.019386309804428015,0.013025976828336894
2022-10-31,XLU,HistMean,0.019386309804428015,0.008334162145956647
2022-10-31,XLU,RF,0.019386309804428015,0.00970080995749166
2022-10-31,XLU,Ridge,0.019386309804428015,0.05541600678671615
2022-10-31,XLV,GB,0.0961110740991098,-0.006134271152226892
2022-10-31,XLV,HistMean,0.0961110740991098,0.009794017810777279
2022-10-31,XLV,RF,0.0961110740991098,0.021276656363198258
2022-10-31,XLV,Ridge,0.0961110740991098,0.07598669673365802
2022-10-31,XLY,GB,0.011091541987106268,-0.09399556435755348
2022-10-31,XLY,HistMean,0.011091541987106268,0.010885614924082543
2022-10-31,XLY,RF,0.011091541987106268,-0.015329907551052633
2022-10-31,XLY,Ridge,0.011091541987106268,0.046493620665866195
2022-11-30,SPY,GB,0.05559158500696393,-0.09374160341187547
2022-11-30,SPY,HistMean,0.05559158500696393,0.011136551533691837
2022-11-30,SPY,RF,0.05559158500696393,-0.004943396200824552
2022-11-30,SPY,Ridge,0.05559158500696393,-0.0003548059826969027
2022-11-30,XLB,GB,0.11703579124773555,0.04220241129346251
2022-11-30,XLB,HistMean,0.11703579124773555,0.01117788612244535
2022-11-30,XLB,RF,0.11703579124773555,0.04139650106630304
2022-11-30,XLB,Ridge,0.11703579124773555,0.042495340895247
2022-11-30,XLE,GB,0.012777894345832319,-0.013563311753494626
2022-11-30,XLE,HistMean,0.012777894345832319,0.013806563114788721
2022-11-30,XLE,RF,0.012777894345832319,-0.009207325955510439
2022-11-30,XLE,Ridge,0.012777894345832319,-0.04281873852231828
2022-11-30,XLF,GB,0.06856943351328293,0.09632526814339402
2022-11-30,XLF,HistMean,0.06856943351328293,0.011570202611342655
2022-11-30,XLF,RF,0.06856943351328293,0.06160315032188903
2022-11-30,XLF,Ridge,0.06856943351328293,0.01981322414709153
2022-11-30,XLI,GB,0.07811346513432826,0.03458932329397035
2022-11-30,XLI,HistMean,0.07811346513432826,0.011089855761070355
2022-11-30,XLI,RF,0.07811346513432826,0.015735573308721287
2022-11-30,XLI,Ridge,0.07811346513432826,0.018918150160920813
2022-11-30,XLK,GB,0.06326734713056914,-0.1514484092450726
2022-11-30,XLK,HistMean,0.06326734713056914,0.016754349236185843
2022-11-30,XLK,RF,0.06326734713056914,-0.025027967996635765
2022-11-30,XLK,Ridge,0.06326734713056914,-0.006288318134804346
2022-11-30,XLP,GB,0.06117676435642294,-0.00031929922755883223
2022-11-30,XLP,HistMean,0.06117676435642294,0.007399893907567473
2022-11-30,XLP,RF,0.06117676435642294,0.027430331430341955
2022-11-30,XLP,Ridge,0.06117676435642294,0.044316466288051096
2022-11-30,XLU,GB,0.06963188084976046,-0.008470772292379733
2022-11-30,XLU,HistMean,0.06963188084976046,0.008470608413345182
2022-11-30,XLU,RF,0.06963188084976046,0.007763040818672878
2022-11-30,XLU,Ridge,0.06963188084976046,0.033931596543785
2022-11-30,XLV,GB,0.047231764515725416,-0.05218231555489504
2022-11-30,XLV,HistMean,0.047231764515725416,0.010859660481003607
2022-11-30,XLV,RF,0.047231764515725416,-0.006795636944524392
2022-11-30,XLV,Ridge,0.047231764515725416,0.002694191051728091
2022-11-30,XLY,GB,0.014858243431946416,-0.05928069230396007
2022-11-30,XLY,HistMean,0.014858243431946416,0.01088815723350259
2022-11-30,XLY,RF,0.014858243431946416,-0.049037166515065275
2022-11-30,XLY,Ridge,0.014858243431946416,0.042956327729476204
2022-12-31,SPY,GB,-0.05762826393128151,0.026821711582955703
2022-12-31,SPY,HistMean,-0.05762826393128151,0.011678686088243935
2022-12-31,SPY,RF,-0.05762826393128151,0.03117052336122007
2022-12-31,SPY,Ridge,-0.05762826393128151,-0.0021092895476196565
2022-12-31,XLB,GB,-0.05518768771885496,0.0022898871318970983
2022-12-31,XLB,HistMean,-0.05518768771885496,0.012468836184948888
2022-12-31,XLB,RF,-0.05518768771885496,0.018019636146467042
2022-12-31,XLB,Ridge,-0.05518768771885496,0.03423150127063906
2022-12-31,XLE,GB,-0.030489430058950218,-0.007940220667033522
2022-12-31,XLE,HistMean,-0.030489430058950218,0.013794018373703885
2022-12-31,XLE,RF,-0.030489430058950218,-0.0032996051658855364
2022-12-31,XLE,Ridge,-0.030489430058950218,-0.001422501884496866
2022-12-31,XLF,GB,-0.05220431617740784,0.013992795162453348
2022-12-31,XLF,HistMean,-0.05220431617740784,0.012265315183317535
2022-12-31,XLF,RF,-0.05220431617740784,0.029339088848257547
2022-12-31,XLF,Ridge,-0.05220431617740784,0.020353252049943336
2022-12-31,XLI,GB,-0.02989828552933904,0.045631796045854656
2022-12-31,XLI,HistMean,-0.02989828552933904,0.011907216850988134
2022-12-31,XLI,RF,-0.02989828552933904,0.020095396989902016
2022-12-31,XLI,Ridge,-0.02989828552933904,0.013004639515584164
2022-12-31,XLK,GB,-0.08210278899327683,0.043557877012034535
2022-12-31,XLK,HistMean,-0.08210278899327683,0.017321580917824663
2022-12-31,XLK,RF,-0.08210278899327683,0.03176581779304353
2022-12-31,XLK,Ridge,-0.08210278899327683,-0.010039437074407184
2022-12-31,XLP,GB,-0.027275276898871548,0.027150182457699523
2022-12-31,XLP,HistMean,-0.027275276898871548,0.008055709400846198
2022-12-31,XLP,RF,-0.027275276898871548,0.01811996995696532
2022-12-31,XLP,Ridge,-0.027275276898871548,0.026186539528868284
2022-12-31,XLU,GB,-0.004944036672701491,0.022090393233439365
2022-12-31,XLU,HistMean,-0.004944036672701491,0.009216477589399027
2022-12-31,XLU,RF,-0.004944036672701491,-4.1959343531714335e-05
2022-12-31,XLU,Ridge,-0.004944036672701491,0.020057268993374615
2022-12-31,XLV,GB,-0.01877732340619498,0.008153990934026507
2022-12-31,XLV,HistMean,-0.01877732340619498,0.011303222725329482
2022-12-31,XLV,RF,-0.01877732340619498,0.008463375648402225
2022-12-31,XLV,Ridge,-0.01877732340619498,-0.002073600753702094
2022-12-31,XLY,GB,-0.11394965138890845,-0.03264496208897673
2022-12-31,XLY,HistMean,-0.11394965138890845,0.010936572918849466
2022-12-31,XLY,RF,-0.11394965138890845,-0.012412473276608363
2022-12-31,XLY,Ridge,-0.11394965138890845,-0.013277621756667116
2023-01-31,SPY,GB,0.06288753547643822,-0.009409805967918267
2023-01-31,SPY,HistMean,0.06288753547643822,0.010843662594032785
2023-01-31,SPY,RF,0.06288753547643822,0.010242011995987383
2023-01-31,SPY,Ridge,0.06288753547643822,-0.01672170579002097
2023-01-31,XLB,GB,0.08972727192836727,0.0063403603765498015
2023-01-31,XLB,HistMean,0.08972727192836727,0.011653697342734385
2023-01-31,XLB,RF,0.08972727192836727,0.03189760768992211
2023-01-31,XLB,Ridge,0.08972727192836727,0.01397430023850441
2023-01-31,XLE,GB,0.02812406528610345,0.05750155913750134
2023-01-31,XLE,HistMean,0.02812406528610345,0.013260482850418897
2023-01-31,XLE,RF,0.02812406528610345,0.06559486882386335
2023-01-31,XLE,Ridge,0.02812406528610345,0.03425912350148977
2023-01-31,XLF,GB,0.0690056536512953,-0.007065485568151599
2023-01-31,XLF,HistMean,0.0690056536512953,0.011488572636802771
2023-01-31,XLF,RF,0.0690056536512953,0.03329865623063003
2023-01-31,XLF,Ridge,0.0690056536512953,0.028004417768803632
2023-01-31,XLI,GB,0.037063632711410666,0.0542223948012491
2023-01-31,XLI,HistMean,0.037063632711410666,0.011403536099417928
2023-01-31,XLI,RF,0.037063632711410666,0.030320874734617503
2023-01-31,XLI,Ridge,0.037063632711410666,0.03131334486430374
2023-01-31,XLK,GB,0.09257502082369617,-0.03634304563088829
2023-01-31,XLK,HistMean,0.09257502082369617,0.016123696942992115
2023-01-31,XLK,RF,0.09257502082369617,-0.0007262504905123069
2023-01-31,XLK,Ridge,0.09257502082369617,-0.03483617287988661
2023-01-31,XLP,GB,-0.010865446456506334,0.028233028154380342
2023-01-31,XLP,HistMean,-0.010865446456506334,0.007630034867114659
2023-01-31,XLP,RF,-0.010865446456506334,0.009511906522730864
2023-01-31,XLP,Ridge,-0.010865446456506334,0.009235638731033722
2023-01-31,XLU,GB,-0.020000184035560475,0.02107842482034345
2023-01-31,XLU,HistMean,-0.020000184035560475,0.009045868983831551
2023-01-31,XLU,RF,-0.020000184035560475,0.013907522870667573
2023-01-31,XLU,Ridge,-0.020000184035560475,0.013220015953505445
2023-01-31,XLV,GB,-0.018329133411938425,-0.009051173968702536
2023-01-31,XLV,HistMean,-0.018329133411938425,0.010940806506877381
2023-01-31,XLV,RF,-0.018329133411938425,0.006138452910124697
2023-01-31,XLV,Ridge,-0.018329133411938425,0.0055281253939100175
2023-01-31,XLY,GB,0.1512852121773005,-0.07715997155982711
2023-01-31,XLY,HistMean,0.1512852121773005,0.00943191961393672
2023-01-31,XLY,RF,0.1512852121773005,-0.04454352197594033
2023-01-31,XLY,Ridge,0.1512852121773005,-0.12551514256768342
2023-02-28,SPY,GB,-0.025142655042130646,0.01702942518704461
2023-02-28,SPY,HistMean,-0.025142655042130646,0.011463232509299518
2023-02-28,SPY,RF,-0.025142655042130646,0.01707387769540033
2023-02-28,SPY,Ridge,-0.025142655042130646,0.007675868915418589
2023-02-28,XLB,GB,-0.03331380284524299,-0.02484714651090315
2023-02-28,XLB,HistMean,-0.03331380284524299,0.012583144659230014
2023-02-28,XLB,RF,-0.03331380284524299,-0.0016647806513399052
2023-02-28,XLB,Ridge,-0.03331380284524299,0.02740029987687649
2023-02-28,XLE,GB,-0.06938746190333733,0.02257263738649181
2023-02-28,XLE,HistMean,-0.06938746190333733,0.013437430260367523
2023-02-28,XLE,RF,-0.06938746190333733,-0.0026224525685076263
2023-02-28,XLE,Ridge,-0.06938746190333733,-0.03684390956630313
2023-02-28,XLF,GB,-0.022975852671381136,0.014130047158098095
2023-02-28,XLF,HistMean,-0.022975852671381136,0.012173299791737207
2023-02-28,XLF,RF,-0.022975852671381136,0.01048443855986878
2023-02-28,XLF,Ridge,-0.022975852671381136,0.0184395269177205
2023-02-28,XLI,GB,-0.008640261066502397,-0.0181370498347372
2023-02-28,XLI,HistMean,-0.008640261066502397,0.01170901344003689
2023-02-28,XLI,RF,-0.008640261066502397,0.013392128820768208
2023-02-28,XLI,Ridge,-0.008640261066502397,0.041158152794057185
2023-02-28,XLK,GB,0.004118803149389283,-0.005327586079712089
2023-02-28,XLK,HistMean,0.004118803149389283,0.017033831751095733
2023-02-28,XLK,RF,0.004118803149389283,-0.011305177465136644
2023-02-28,XLK,Ridge,0.004118803149389283,3.3791005815547726e-06
2023-02-28,XLP,GB,-0.02318959696074152,0.01459824409539482
2023-02-28,XLP,HistMean,-0.02318959696074152,0.00740985056564298
2023-02-28,XLP,RF,-0.02318959696074152,0.01298769829069194
2023-02-28,XLP,Ridge,-0.02318959696074152,0.01599637509628535
2023-02-28,XLU,GB,-0.059198014776380314,0.04093776582026879
2023-02-28,XLU,HistMean,-0.059198014776380314,0.008700082638362598
2023-02-28,XLU,RF,-0.059198014776380314,0.020633345196339303
2023-02-28,XLU,Ridge,-0.059198014776380314,0.035197061815159976
2023-02-28,XLV,GB,-0.046415507460811356,0.004361254390458057
2023-02-28,XLV,HistMean,-0.046415507460811356,0.010592354841177192
2023-02-28,XLV,RF,-0.046415507460811356,0.005684864525283744
2023-02-28,XLV,Ridge,-0.046415507460811356,0.010107494338373728
2023-02-28,XLY,GB,-0.02125095338856786,-0.007521063741200221
2023-02-28,XLY,HistMean,-0.02125095338856786,0.011120649287310097
2023-02-28,XLY,RF,-0.02125095338856786,-0.008560170241550197
2023-02-28,XLY,Ridge,-0.02125095338856786,-0.006826794714482325
2023-03-31,SPY,GB,0.037077856718739755,0.013413294758864672
2023-03-31,SPY,HistMean,0.037077856718739755,0.011032575008694456
2023-03-31,SPY,RF,0.037077856718739755,0.02277505487393286
2023-03-31,SPY,Ridge,0.037077856718739755,0.016292936145181586
2023-03-31,XLB,GB,-0.010010636406702078,0.0064996260588442165
2023-03-31,XLB,HistMean,-0.010010636406702078,0.012043180570942096
2023-03-31,XLB,RF,-0.010010636406702078,0.028603320859461653
2023-03-31,XLB,Ridge,-0.010010636406702078,0.05546102575082393
2023-03-31,XLE,GB,5.342338254110679e-05,0.04752381187413666
2023-03-31,XLE,HistMean,5.342338254110679e-05,0.012463019764323935
2023-03-31,XLE,RF,5.342338254110679e-05,0.03890380890329511
2023-03-31,XLE,Ridge,5.342338254110679e-05,0.013839957630349243
2023-03-31,XLF,GB,-0.09547678010763738,0.03150349190924826
2023-03-31,XLF,HistMean,-0.09547678010763738,0.011759780350994639
2023-03-31,XLF,RF,-0.09547678010763738,0.02565515214815433
2023-03-31,XLF,Ridge,-0.09547678010763738,0.03288745895000397
2023-03-31,XLI,GB,0.006191196093923379,0.06954347751191552
2023-03-31,XLI,HistMean,0.006191196093923379,0.011469610210548192
2023-03-31,XLI,RF,0.006191196093923379,0.02871545414872229
2023-03-31,XLI,Ridge,0.006191196093923379,0.054757355574895326
2023-03-31,XLK,GB,0.10857980177312498,0.010130327163360741
2023-03-31,XLK,HistMean,0.10857980177312498,0.016881890238134484
2023-03-31,XLK,RF,0.10857980177312498,-0.005330525359357047
2023-03-31,XLK,Ridge,0.10857980177312498,0.0052317988956920546
2023-03-31,XLP,GB,0.04219304665095236,-0.02285173973345487
2023-03-31,XLP,HistMean,0.04219304665095236,0.007049857065332575
2023-03-31,XLP,RF,0.04219304665095236,-0.0008226796383278111
2023-03-31,XLP,Ridge,0.04219304665095236,0.023923646831457642
2023-03-31,XLU,GB,0.04906029439041126,0.04533036474896777
2023-03-31,XLU,HistMean,0.04906029439041126,0.007901281492306799
2023-03-31,XLU,RF,0.04906029439041126,0.03010735213907688
2023-03-31,XLU,Ridge,0.04906029439041126,0.04431740328283451
2023-03-31,XLV,GB,0.02197792318154579,0.03758984194219197
2023-03-31,XLV,HistMean,0.02197792318154579,0.009921674108212621
2023-03-31,XLV,RF,0.02197792318154579,0.022730907453154182
2023-03-31,XLV,Ridge,0.02197792318154579,0.031580522893492446
2023-03-31,XLY,GB,0.030619394981282744,0.007911089697291783
2023-03-31,XLY,HistMean,0.030619394981282744,0.010739806902888003
2023-03-31,XLY,RF,0.030619394981282744,-0.002592795467417394
2023-03-31,XLY,Ridge,0.030619394981282744,0.0012453714852322575
2023-04-30,SPY,GB,0.01597484529096338,0.006142081003470209
2023-04-30,SPY,HistMean,0.01597484529096338,0.01133542712160196
2023-04-30,SPY,RF,0.01597484529096338,0.007272330477438157
2023-04-30,SPY,Ridge,0.01597484529096338,-0.00520438009338923
2023-04-30,XLB,GB,-0.001363710552686026,0.018535919012815125
2023-04-30,XLB,HistMean,-0.001363710552686026,0.011786740838643908
2023-04-30,XLB,RF,-0.001363710552686026,0.0052511059497669455
2023-04-30,XLB,Ridge,-0.001363710552686026,-0.0017012516609026754
2023-04-30,XLE,GB,0.027767503297143392,-0.07008153254050156
2023-04-30,XLE,HistMean,0.027767503297143392,0.012318722131977622
2023-04-30,XLE,RF,0.027767503297143392,-0.012300882192867858
2023-04-30,XLE,Ridge,0.027767503297143392,-0.06044678814226538
2023-04-30,XLF,GB,0.031726110534359586,0.10038508068494265
2023-04-30,XLF,HistMean,0.031726110534359586,0.010512843601475662
2023-04-30,XLF,RF,0.031726110534359586,0.07696172164003098
2023-04-30,XLF,Ridge,0.031726110534359586,-0.008538714949052121
2023-04-30,XLI,GB,-0.011662354504445194,0.012216118218004562
2023-04-30,XLI,HistMean,-0.011662354504445194,0.011408233302215345
2023-04-30,XLI,RF,-0.011662354504445194,0.006106888267563075
2023-04-30,XLI,Ridge,-0.011662354504445194,0.007869858264794928
2023-04-30,XLK,GB,-0.001191808798092886,-0.08192561678102933
2023-04-30,XLK,HistMean,-0.001191808798092886,0.01794814502342507
2023-04-30,XLK,RF,-0.001191808798092886,-0.020405724362998454
2023-04-30,XLK,Ridge,-0.001191808798092886,-0.0006399707453398698
2023-04-30,XLP,GB,0.03654130462773786,0.005762874812017706
2023-04-30,XLP,HistMean,0.03654130462773786,0.007458498804700247
2023-04-30,XLP,RF,0.03654130462773786,0.003246429817484595
2023-04-30,XLP,Ridge,0.03654130462773786,0.0067201863558361006
2023-04-30,XLU,GB,0.01905750512238913,-0.05116589457090748
2023-04-30,XLU,HistMean,0.01905750512238913,0.008379874665540573
2023-04-30,XLU,RF,0.01905750512238913,0.020199021479862914
2023-04-30,XLU,Ridge,0.01905750512238913,0.027128323739978227
2023-04-30,XLV,GB,0.03143824013655139,-0.0006871076112771687
2023-04-30,XLV,HistMean,0.03143824013655139,0.010061863050925797
2023-04-30,XLV,RF,0.03143824013655139,-0.0008128280804381401
2023-04-30,XLV,Ridge,0.03143824013655139,0.0006692092121767176
2023-04-30,XLY,GB,-0.011234398310124294,-0.00496862557232215
2023-04-30,XLY,HistMean,-0.011234398310124294,0.01097096490379957
2023-04-30,XLY,RF,-0.011234398310124294,0.00825028272639587
2023-04-30,XLY,Ridge,-0.011234398310124294,-0.014837574631034587
2023-05-31,SPY,GB,0.004616232939212983,0.025389991261700273
2023-05-31,SPY,HistMean,0.004616232939212983,0.011388753767226804
2023-05-31,SPY,RF,0.004616232939212983,0.022060876859571272
2023-05-31,SPY,Ridge,0.004616232939212983,0.015956041276034647
2023-05-31,XLB,GB,-0.06865323321007955,-0.05777740596866202
2023-05-31,XLB,HistMean,-0.06865323321007955,0.011635586224950461
2023-05-31,XLB,RF,-0.06865323321007955,-0.06393905247211133
2023-05-31,XLB,Ridge,-0.06865323321007955,0.02315866671893691
2023-05-31,XLE,GB,-0.10031717980531651,-0.01751805597089497
2023-05-31,XLE,HistMean,-0.10031717980531651,0.012496294329278379
2023-05-31,XLE,RF,-0.10031717980531651,-0.008616765143701006
2023-05-31,XLE,Ridge,-0.10031717980531651,0.09777647299967808
2023-05-31,XLF,GB,-0.04250822102633289,0.0080656725465961
2023-05-31,XLF,HistMean,-0.04250822102633289,0.010756674255876626
2023-05-31,XLF,RF,-0.04250822102633289,0.002670386194529314
2023-05-31,XLF,Ridge,-0.04250822102633289,0.007050952472346245
2023-05-31,XLI,GB,-0.03150001643572087,0.05279724729784719
2023-05-31,XLI,HistMean,-0.03150001643572087,0.011143054132023844
2023-05-31,XLI,RF,-0.03150001643572087,0.01868196775060985
2023-05-31,XLI,Ridge,-0.03150001643572087,0.03496302684180719
2023-05-31,XLK,GB,0.08917317247593393,0.06458712008310219
2023-05-31,XLK,HistMean,0.08917317247593393,0.01772814555421222
2023-05-31,XLK,RF,0.08917317247593393,-0.0032079861870896536
2023-05-31,XLK,Ridge,0.08917317247593393,-0.004977871323545189
2023-05-31,XLP,GB,-0.06159635643388228,0.029953604648312114
2023-05-31,XLP,HistMean,-0.06159635643388228,0.007792783929102978
2023-05-31,XLP,RF,-0.06159635643388228,0.01138256505599292
2023-05-31,XLP,Ridge,-0.06159635643388228,0.021418798798926112
2023-05-31,XLU,GB,-0.058712784376106386,0.01956851856169564
2023-05-31,XLU,HistMean,-0.058712784376106386,0.00850260605010205
2023-05-31,XLU,RF,-0.058712784376106386,0.014261286696558656
2023-05-31,XLU,Ridge,-0.058712784376106386,0.018445143220431483
2023-05-31,XLV,GB,-0.0426868631780255,-0.00243467847090346
2023-05-31,XLV,HistMean,-0.0426868631780255,0.01030756853466862
2023-05-31,XLV,RF,-0.0426868631780255,0.005322909561007964
2023-05-31,XLV,Ridge,-0.0426868631780255,0.02413719874693026
2023-05-31,XLY,GB,0.025361814974382613,0.02387329056537053
2023-05-31,XLY,HistMean,0.025361814974382613,0.010715730843869412
2023-05-31,XLY,RF,0.025361814974382613,0.010358768245215965
2023-05-31,XLY,Ridge,0.025361814974382613,0.022473952399867422
2023-06-30,SPY,GB,0.06479978749241044,0.022126023381697172
2023-06-30,SPY,HistMean,0.06479978749241044,0.0113117933032721
2023-06-30,SPY,RF,0.06479978749241044,0.019266907502584446
2023-06-30,SPY,Ridge,0.06479978749241044,0.02448034020023422
2023-06-30,XLB,GB,0.11005678989335776,-0.037427004969837585
2023-06-30,XLB,HistMean,0.11005678989335776,0.01072321327682512
2023-06-30,XLB,RF,0.11005678989335776,-0.013578564294727232
2023-06-30,XLB,Ridge,0.11005678989335776,0.004454072623162854
2023-06-30,XLE,GB,0.06913379480595627,-0.04999729967669816
2023-06-30,XLE,HistMean,0.06913379480595627,0.011214323032294348
2023-06-30,XLE,RF,0.06913379480595627,-0.02239062170035844
2023-06-30,XLE,Ridge,0.06913379480595627,0.05269632799362985
2023-06-30,XLF,GB,0.06616029451948813,0.018353337575181237
2023-06-30,XLF,HistMean,0.06616029451948813,0.010151391354942427
2023-06-30,XLF,RF,0.06616029451948813,0.007725226948155702
2023-06-30,XLF,Ridge,0.06616029451948813,0.015213793476079925
2023-06-30,XLI,GB,0.1125364686072381,0.03460658510809571
2023-06-30,XLI,HistMean,0.1125364686072381,0.010658473784663109
2023-06-30,XLI,RF,0.1125364686072381,0.01590642121287323
2023-06-30,XLI,Ridge,0.1125364686072381,0.022195696500748777
2023-06-30,XLK,GB,0.06053187989835673,0.03773021049499912
2023-06-30,XLK,HistMean,0.06053187989835673,0.01854002086014088
2023-06-30,XLK,RF,0.06053187989835673,0.0053843960657833055
2023-06-30,XLK,Ridge,0.06053187989835673,0.0015652807862303157
2023-06-30,XLP,GB,0.027882159332288214,0.029672805436132068
2023-06-30,XLP,HistMean,0.027882159332288214,0.007004270970432691
2023-06-30,XLP,RF,0.027882159332288214,0.03176127354539472
2023-06-30,XLP,Ridge,0.027882159332288214,0.03314067801034212
2023-06-30,XLU,GB,0.01596129591026041,-0.02847141496746885
2023-06-30,XLU,HistMean,0.01596129591026041,0.007738794795258772
2023-06-30,XLU,RF,0.01596129591026041,0.013607036973934911
2023-06-30,XLU,Ridge,0.01596129591026041,0.03991806717489444
2023-06-30,XLV,GB,0.042606015930223284,0.01235286466411476
2023-06-30,XLV,HistMean,0.042606015930223284,0.009705359083388005
2023-06-30,XLV,RF,0.042606015930223284,0.002564630640860843
2023-06-30,XLV,Ridge,0.042606015930223284,0.018399703692503593
2023-06-30,XLY,GB,0.122297677307446,0.0189997132700217
2023-06-30,XLY,HistMean,0.122297677307446,0.010882163618079789
2023-06-30,XLY,RF,0.122297677307446,0.015295273260768976
2023-06-30,XLY,Ridge,0.122297677307446,0.036581201583327796
2023-07-31,SPY,GB,0.032733177560168025,0.009206541363088508
2023-07-31,SPY,HistMean,0.032733177560168025,0.011912782002026464
2023-07-31,SPY,RF,0.032733177560168025,0.0028525915335539504
2023-07-31,SPY,Ridge,0.032733177560168025,0.0010033401751608408
2023-07-31,XLB,GB,0.03439134957191414,-0.024830481681095348
2023-07-31,XLB,HistMean,0.03439134957191414,0.011839320879258071
2023-07-31,XLB,RF,0.03439134957191414,-0.003050250906293076
2023-07-31,XLB,Ridge,0.03439134957191414,-0.026680207514284578
2023-07-31,XLE,GB,0.07773797937098803,0.007151166616380895
2023-07-31,XLE,HistMean,0.07773797937098803,0.011865103614020886
2023-07-31,XLE,RF,0.07773797937098803,-0.005274139608521283
2023-07-31,XLE,Ridge,0.07773797937098803,-0.023205726017000827
2023-07-31,XLF,GB,0.048057110275673276,-0.035260107533039445
2023-07-31,XLF,HistMean,0.048057110275673276,0.010780704873645188
2023-07-31,XLF,RF,0.048057110275673276,-0.00727375921993326
2023-07-31,XLF,Ridge,0.048057110275673276,0.03528755289726328
2023-07-31,XLI,GB,0.02888545146105903,-0.021324017592721595
2023-07-31,XLI,HistMean,0.02888545146105903,0.011803170355703278
2023-07-31,XLI,RF,0.02888545146105903,0.001642272903089495
2023-07-31,XLI,Ridge,0.02888545146105903,-0.0004880505547296323
2023-07-31,XLK,GB,0.02582547675932423,-0.06506449575238643
2023-07-31,XLK,HistMean,0.02582547675932423,0.019011839501019707
2023-07-31,XLK,RF,0.02582547675932423,-0.008491060174937977
2023-07-31,XLK,Ridge,0.02582547675932423,0.026531550818869556
2023-07-31,XLP,GB,0.021302435400012865,-0.00714389354467737
2023-07-31,XLP,HistMean,0.021302435400012865,0.0072388539857344385
2023-07-31,XLP,RF,0.021302435400012865,0.01577018384924804
2023-07-31,XLP,Ridge,0.021302435400012865,0.03350069236020291
2023-07-31,XLU,GB,0.024908204920379706,0.000944678091315136
2023-07-31,XLU,HistMean,0.024908204920379706,0.007831182448236319
2023-07-31,XLU,RF,0.024908204920379706,0.005681049126373495
2023-07-31,XLU,Ridge,0.024908204920379706,0.026929622925308087
2023-07-31,XLV,GB,0.010698630488160221,0.02067213206137109
2023-07-31,XLV,HistMean,0.010698630488160221,0.01007502938503784
2023-07-31,XLV,RF,0.010698630488160221,0.0011166713156069397
2023-07-31,XLV,Ridge,0.010698630488160221,0.0009164608892726737
2023-07-31,XLY,GB,0.023143521261464572,-0.016538984171057723
2023-07-31,XLY,HistMean,0.023143521261464572,0.012134023322454689
2023-07-31,XLY,RF,0.023143521261464572,-0.003719873298891078
2023-07-31,XLY,Ridge,0.023143521261464572,0.008534312554249697
2023-08-31,SPY,GB,-0.016252144206635566,0.008276196738429586
2023-08-31,SPY,HistMean,-0.016252144206635566,0.01214411973045026
2023-08-31,SPY,RF,-0.016252144206635566,0.00949270341852396
2023-08-31,SPY,Ridge,-0.016252144206635566,0.005568179599240821
2023-08-31,XLB,GB,-0.03301457528547702,-0.010710281618706661
2023-08-31,XLB,HistMean,-0.03301457528547702,0.012089898975843139
2023-08-31,XLB,RF,-0.03301457528547702,-0.0022936209145954234
2023-08-31,XLB,Ridge,-0.03301457528547702,-0.0027246752779799075
2023-08-31,XLE,GB,0.01646086023858695,0.054723921022890476
2023-08-31,XLE,HistMean,0.01646086023858695,0.012597024455764966
2023-08-31,XLE,RF,0.01646086023858695,0.010685166418516268
2023-08-31,XLE,Ridge,0.01646086023858695,-0.019028743678592544
2023-08-31,XLF,GB,-0.026889264387971124,0.012379858369223133
2023-08-31,XLF,HistMean,-0.026889264387971124,0.011194887155889946
2023-08-31,XLF,RF,-0.026889264387971124,0.006509519361231045
2023-08-31,XLF,Ridge,-0.026889264387971124,0.04753926148167171
2023-08-31,XLI,GB,-0.019833212258832722,-0.02657701536656396
2023-08-31,XLI,HistMean,-0.019833212258832722,0.01199297347909612
2023-08-31,XLI,RF,-0.019833212258832722,-0.0032865619051830916
2023-08-31,XLI,Ridge,-0.019833212258832722,0.019097664109636772
2023-08-31,XLK,GB,-0.01508280375584825,-0.03746958707799308
2023-08-31,XLK,HistMean,-0.01508280375584825,0.019087546581667537
2023-08-31,XLK,RF,-0.01508280375584825,-0.003381875710379585
2023-08-31,XLK,Ridge,-0.01508280375584825,0.028568028915966184
2023-08-31,XLP,GB,-0.03947185940674469,0.036369487027613404
2023-08-31,XLP,HistMean,-0.03947185940674469,0.007395116001448643
2023-08-31,XLP,RF,-0.03947185940674469,0.01888938982381096
2023-08-31,XLP,Ridge,-0.03947185940674469,0.03317951671429382
2023-08-31,XLU,GB,-0.0612792716878241,0.012391636306780501
2023-08-31,XLU,HistMean,-0.0612792716878241,0.008020927142371246
2023-08-31,XLU,RF,-0.0612792716878241,0.005130619061942036
2023-08-31,XLU,Ridge,-0.0612792716878241,0.015576426632803685
2023-08-31,XLV,GB,-0.007007224309652504,-0.0022282166225408863
2023-08-31,XLV,HistMean,-0.007007224309652504,0.010081958286183645
2023-08-31,XLV,RF,-0.007007224309652504,0.00240953144252525
2023-08-31,XLV,Ridge,-0.007007224309652504,7.92973308562251e-05
2023-08-31,XLY,GB,-0.017439870830542104,-0.0040138993576029095
2023-08-31,XLY,HistMean,-0.017439870830542104,0.012256351077332577
2023-08-31,XLY,RF,-0.017439870830542104,0.0019588901641131593
2023-08-31,XLY,Ridge,-0.017439870830542104,0.004904041345626959
2023-09-30,SPY,GB,-0.04743445218332765,0.015392285684506074
2023-09-30,SPY,HistMean,-0.04743445218332765,0.011832072873998768
2023-09-30,SPY,RF,-0.04743445218332765,0.0121717036195596
2023-09-30,SPY,Ridge,-0.04743445218332765,0.003006949209046327
2023-09-30,XLB,GB,-0.04779046590084601,0.025388055300032554
2023-09-30,XLB,HistMean,-0.04779046590084601,0.01159424541253193
2023-09-30,XLB,RF,-0.04779046590084601,0.016781392662270425
2023-09-30,XLB,Ridge,-0.04779046590084601,0.010877587260563626
2023-09-30,XLE,GB,0.02403312023471571,0.07394882236585545
2023-09-30,XLE,HistMean,0.02403312023471571,0.01263948418964213
2023-09-30,XLE,RF,0.02403312023471571,0.02676180632000491
2023-09-30,XLE,Ridge,0.02403312023471571,0.014545005285847306
2023-09-30,XLF,GB,-0.03088231355558546,0.019097026835941163
2023-09-30,XLF,HistMean,-0.03088231355558546,0.010776379996067297
2023-09-30,XLF,RF,-0.03088231355558546,0.011407898933589494
2023-09-30,XLF,Ridge,-0.03088231355558546,0.05913662920980912
2023-09-30,XLI,GB,-0.05947541320155314,0.051344551958549096
2023-09-30,XLI,HistMean,-0.05947541320155314,0.011643235174283714
2023-09-30,XLI,RF,-0.05947541320155314,0.014198693976726982
2023-09-30,XLI,Ridge,-0.05947541320155314,0.03144173520905555
2023-09-30,XLK,GB,-0.0647834601280679,0.03564936506482725
2023-09-30,XLK,HistMean,-0.0647834601280679,0.01871204822631022
2023-09-30,XLK,RF,-0.0647834601280679,0.01774690144733467
2023-09-30,XLK,Ridge,-0.0647834601280679,0.024838775540010485
2023-09-30,XLP,GB,-0.047879292097145476,-0.011631442427339433
2023-09-30,XLP,HistMean,-0.047879292097145476,0.0068800942936662985
2023-09-30,XLP,RF,-0.047879292097145476,0.006815945520327721
2023-09-30,XLP,Ridge,-0.047879292097145476,0.020937000647662466
2023-09-30,XLU,GB,-0.056424194952866324,0.024918428358256077
2023-09-30,XLU,HistMean,-0.056424194952866324,0.007259386495885582
2023-09-30,XLU,RF,-0.056424194952866324,0.00751708456570916
2023-09-30,XLU,Ridge,-0.056424194952866324,0.006014435211891956
2023-09-30,XLV,GB,-0.029591696622105812,0.00249819082754135
2023-09-30,XLV,HistMean,-0.029591696622105812,0.009894165070844785
2023-09-30,XLV,RF,-0.029591696622105812,0.010423996658711342
2023-09-30,XLV,Ridge,-0.029591696622105812,0.0023048471389159244
2023-09-30,XLY,GB,-0.05531999423353928,-0.00958614590016842
2023-09-30,XLY,HistMean,-0.05531999423353928,0.011930018968454833
2023-09-30,XLY,RF,-0.05531999423353928,0.002397484029590544
2023-09-30,XLY,Ridge,-0.05531999423353928,0.008003609466262112
2023-10-31,SPY,GB,-0.021708414552536914,0.0013087771939716904
2023-10-31,SPY,HistMean,-0.021708414552536914,0.011187871514680004
2023-10-31,SPY,RF,-0.021708414552536914,0.005958637428729995
2023-10-31,SPY,Ridge,-0.021708414552536914,0.02382716998227337
2023-10-31,XLB,GB,-0.03169941471678528,0.020221895167714412
2023-10-31,XLB,HistMean,-0.03169941471678528,0.010948759419995213
2023-10-31,XLB,RF,-0.03169941471678528,0.018630209948781153
2023-10-31,XLB,Ridge,-0.03169941471678528,0.05026697749610294
2023-10-31,XLE,GB,-0.057528361285955176,0.0009879662689887818
2023-10-31,XLE,HistMean,-0.057528361285955176,0.012763328059697278
2023-10-31,XLE,RF,-0.057528361285955176,0.03147236467295291
2023-10-31,XLE,Ridge,-0.057528361285955176,0.0526265370397506
2023-10-31,XLF,GB,-0.02441945085919972,-0.02517407873172957
2023-10-31,XLF,HistMean,-0.02441945085919972,0.010323568109636288
2023-10-31,XLF,RF,-0.02441945085919972,-0.015221498315530197
2023-10-31,XLF,Ridge,-0.02441945085919972,0.04817644684626293
2023-10-31,XLI,GB,-0.029789012321478126,0.0647522872141742
2023-10-31,XLI,HistMean,-0.029789012321478126,0.010870206387589836
2023-10-31,XLI,RF,-0.029789012321478126,0.016872838836200717
2023-10-31,XLI,Ridge,-0.029789012321478126,0.047934328586153936
2023-10-31,XLK,GB,0.0004880011060222067,-0.004959899032278539
2023-10-31,XLK,HistMean,0.0004880011060222067,0.017804488352893066
2023-10-31,XLK,RF,0.0004880011060222067,-0.0035603649650638057
2023-10-31,XLK,Ridge,0.0004880011060222067,0.03522694788037904
2023-10-31,XLP,GB,-0.013805851402762359,0.05408535930367746
2023-10-31,XLP,HistMean,-0.013805851402762359,0.00628488357202704
2023-10-31,XLP,RF,-0.013805851402762359,0.03345892775479813
2023-10-31,XLP,Ridge,-0.013805851402762359,0.03932328202991538
2023-10-31,XLU,GB,0.012896550240892868,0.022158678258837883
2023-10-31,XLU,HistMean,0.012896550240892868,0.006567173654051323
2023-10-31,XLU,RF,0.012896550240892868,0.02178162513305634
2023-10-31,XLU,Ridge,0.012896550240892868,0.02635184311872077
2023-10-31,XLV,GB,-0.03262400663666465,0.03646027674333293
2023-10-31,XLV,HistMean,-0.03262400663666465,0.009464970922008365
2023-10-31,XLV,RF,-0.03262400663666465,0.02253409745141573
2023-10-31,XLV,Ridge,-0.03262400663666465,0.03489462862013884
2023-10-31,XLY,GB,-0.05516216570074206,-0.010213732161514524
2023-10-31,XLY,HistMean,-0.05516216570074206,0.01119904056408533
2023-10-31,XLY,RF,-0.05516216570074206,0.0022826951559336882
2023-10-31,XLY,Ridge,-0.05516216570074206,0.045287821732755904
2023-11-30,SPY,GB,0.0913437161049,0.023189148677947555
2023-11-30,SPY,HistMean,0.0913437161049,0.010834148008580895
2023-11-30,SPY,RF,0.0913437161049,0.016217275454073542
2023-11-30,SPY,Ridge,0.0913437161049,0.037700380371643305
2023-11-30,XLB,GB,0.08348668924748437,0.001660658376573723
2023-11-30,XLB,HistMean,0.08348668924748437,0.010490176902395423
2023-11-30,XLB,RF,0.08348668924748437,0.002561359021681261
2023-11-30,XLB,Ridge,0.08348668924748437,0.058533086881464275
2023-11-30,XLE,GB,-0.00716054644142905,0.05465164651313794
2023-11-30,XLE,HistMean,-0.00716054644142905,0.012007503443077359
2023-11-30,XLE,RF,-0.00716054644142905,0.03168772035128761
2023-11-30,XLE,Ridge,-0.00716054644142905,0.020984602412266018
2023-11-30,XLF,GB,0.1093942039576068,-0.020809231964844115
2023-11-30,XLF,HistMean,0.1093942039576068,0.00994998726050902
2023-11-30,XLF,RF,0.1093942039576068,-0.04415338177591471
2023-11-30,XLF,Ridge,0.1093942039576068,0.030436324212446096
2023-11-30,XLI,GB,0.08834913481754403,-0.02958278579541162
2023-11-30,XLI,HistMean,0.08834913481754403,0.01043301048749233
2023-11-30,XLI,RF,0.08834913481754403,-0.000648405710059707
2023-11-30,XLI,Ridge,0.08834913481754403,0.04830391341925533
2023-11-30,XLK,GB,0.12895568572659766,0.020177134689381405
2023-11-30,XLK,HistMean,0.12895568572659766,0.0176182895652923
2023-11-30,XLK,RF,0.12895568572659766,-4.933687123723552e-05
2023-11-30,XLK,Ridge,0.12895568572659766,0.03519717629479084
2023-11-30,XLP,GB,0.04126149227383258,0.048992200994310585
2023-11-30,XLP,HistMean,0.04126149227383258,0.006068854163695971
2023-11-30,XLP,RF,0.04126149227383258,0.030350363466201204
2023-11-30,XLP,Ridge,0.04126149227383258,0.04086513892225687
2023-11-30,XLU,GB,0.05143236661989392,0.02307206984707561
2023-11-30,XLU,HistMean,0.05143236661989392,0.00663523146681306
2023-11-30,XLU,RF,0.05143236661989392,0.01903302488744937
2023-11-30,XLU,Ridge,0.05143236661989392,0.02387018232972697
2023-11-30,XLV,GB,0.05436002515322347,0.03687277669281433
2023-11-30,XLV,HistMean,0.05436002515322347,0.009012401270839838
2023-11-30,XLV,RF,0.05436002515322347,0.028653929746783355
2023-11-30,XLV,Ridge,0.05436002515322347,0.04397717009015095
2023-11-30,XLY,GB,0.10966473209590033,-0.07346739935341566
2023-11-30,XLY,HistMean,0.10966473209590033,0.010485479206399013
2023-11-30,XLY,RF,0.10966473209590033,-0.005917622999096551
2023-11-30,XLY,Ridge,0.10966473209590033,0.006394268556874872
2023-12-31,SPY,GB,0.0456552810668267,0.0011002032473530537
2023-12-31,SPY,HistMean,0.0456552810668267,0.011690632775563013
2023-12-31,SPY,RF,0.0456552810668267,0.0032801540494199945
2023-12-31,SPY,Ridge,0.0456552810668267,-0.00822161545373565
2023-12-31,XLB,GB,0.045233866273614254,-0.017584830955798356
2023-12-31,XLB,HistMean,0.045233866273614254,0.011266735544364454
2023-12-31,XLB,RF,0.045233866273614254,0.0010742912861794606
2023-12-31,XLB,Ridge,0.045233866273614254,0.0006123784429264718
2023-12-31,XLE,GB,0.0007716895155922554,-0.0273285791988568
2023-12-31,XLE,HistMean,0.0007716895155922554,0.011803588018774099
2023-12-31,XLE,RF,0.0007716895155922554,-0.01264954854363436
2023-12-31,XLE,Ridge,0.0007716895155922554,-0.021529624875813645
2023-12-31,XLF,GB,0.05253891962193591,0.006012280119622056
2023-12-31,XLF,HistMean,0.05253891962193591,0.011007904459414315
2023-12-31,XLF,RF,0.05253891962193591,0.0013900986662905668
2023-12-31,XLF,Ridge,0.05253891962193591,0.006959123375513634
2023-12-31,XLI,GB,0.07065533131793011,-0.030316122713743406
2023-12-31,XLI,HistMean,0.07065533131793011,0.011261905427173731
2023-12-31,XLI,RF,0.07065533131793011,-0.016222383476388602
2023-12-31,XLI,Ridge,0.07065533131793011,-0.006962047774913228
2023-12-31,XLK,GB,0.04182680663224292,0.017618094081641198
2023-12-31,XLK,HistMean,0.04182680663224292,0.01880272994998704
2023-12-31,XLK,RF,0.04182680663224292,0.01245651095021168
2023-12-31,XLK,Ridge,0.04182680663224292,0.011461213611764144
2023-12-31,XLP,GB,0.027116407465996195,0.01984448126668589
2023-12-31,XLP,HistMean,0.027116407465996195,0.006443243930825084
2023-12-31,XLP,RF,0.027116407465996195,0.012983581878664914
2023-12-31,XLP,Ridge,0.027116407465996195,0.01758598104513128
2023-12-31,XLU,GB,0.018588242699304924,0.004758907710865481
2023-12-31,XLU,HistMean,0.018588242699304924,0.007111796734399026
2023-12-31,XLU,RF,0.018588242699304924,0.007494450291824076
2023-12-31,XLU,Ridge,0.018588242699304924,-0.008434558857534642
2023-12-31,XLV,GB,0.04326100004919087,-0.03153444691148759
2023-12-31,XLV,HistMean,0.04326100004919087,0.009494822801503494
2023-12-31,XLV,RF,0.04326100004919087,-0.0017018601534122073
2023-12-31,XLV,Ridge,0.04326100004919087,0.015145252021768165
2023-12-31,XLY,GB,0.06132160236189699,0.0031671370513328793
2023-12-31,XLY,HistMean,0.06132160236189699,0.011540577641393707
2023-12-31,XLY,RF,0.06132160236189699,0.0017851066159655607
2023-12-31,XLY,Ridge,0.06132160236189699,-0.044411632760753564
2024-01-31,SPY,GB,0.01592656463792297,-0.01628544785366477
2024-01-31,SPY,HistMean,0.01592656463792297,0.012048155389155263
2024-01-31,SPY,RF,0.01592656463792297,0.0015535724754626703
2024-01-31,SPY,Ridge,0.01592656463792297,-0.005685499430228719
2024-01-31,XLB,GB,-0.0389290786785953,-0.04164117481091046
2024-01-31,XLB,HistMean,-0.0389290786785953,0.011624284288882873
2024-01-31,XLB,RF,-0.0389290786785953,-0.0023091485240828396
2024-01-31,XLB,Ridge,-0.0389290786785953,0.0062217842791563935
2024-01-31,XLE,GB,-0.005128731703620049,-0.057704363115603445
2024-01-31,XLE,HistMean,-0.005128731703620049,0.011687462771372184
2024-01-31,XLE,RF,-0.005128731703620049,-0.06328895395748704
2024-01-31,XLE,Ridge,-0.005128731703620049,-0.0269667105173554
2024-01-31,XLF,GB,0.030851099245990277,-0.01624483484857144
2024-01-31,XLF,HistMean,0.030851099245990277,0.011445073040072437
2024-01-31,XLF,RF,0.030851099245990277,0.0029449126646745255
2024-01-31,XLF,Ridge,0.030851099245990277,0.011121147485927668
2024-01-31,XLI,GB,-0.009649827759579122,-0.047639182216684665
2024-01-31,XLI,HistMean,-0.009649827759579122,0.011887099383918536
2024-01-31,XLI,RF,-0.009649827759579122,-0.008352610790554361
2024-01-31,XLI,Ridge,-0.009649827759579122,-0.007564515306259527
2024-01-31,XLK,GB,0.027015884057038697,-0.011705152156158902
2024-01-31,XLK,HistMean,0.027015884057038697,0.019045088651905524
2024-01-31,XLK,RF,0.027015884057038697,0.001620224038514049
2024-01-31,XLK,Ridge,0.027015884057038697,0.012646364510507407
2024-01-31,XLP,GB,0.012356055458305093,0.01702910347500918
2024-01-31,XLP,HistMean,0.012356055458305093,0.006660856178563728
2024-01-31,XLP,RF,0.012356055458305093,0.015864740540432635
2024-01-31,XLP,Ridge,0.012356055458305093,0.018509008396891714
2024-01-31,XLU,GB,-0.029685749029087716,-0.035507573233352414
2024-01-31,XLU,HistMean,-0.029685749029087716,0.007232601428766456
2024-01-31,XLU,RF,-0.029685749029087716,-0.012907517672991796
2024-01-31,XLU,Ridge,-0.029685749029087716,-0.012460091895318604
2024-01-31,XLV,GB,0.029330090512740714,0.0021295541906800695
2024-01-31,XLV,HistMean,0.029330090512740714,0.009850256246215994
2024-01-31,XLV,RF,0.029330090512740714,0.0015410958731147581
2024-01-31,XLV,Ridge,0.029330090512740714,0.01660390266703167
2024-01-31,XLY,GB,-0.04412491746079539,0.022597091688670006
2024-01-31,XLY,HistMean,-0.04412491746079539,0.012064588427925321
2024-01-31,XLY,RF,-0.04412491746079539,0.009451410058667667
2024-01-31,XLY,Ridge,-0.04412491746079539,-0.025818317616539715
2024-02-29,SPY,GB,0.05218669346627158,0.019760806521660304
2024-02-29,SPY,HistMean,0.05218669346627158,0.012088555485496593
2024-02-29,SPY,RF,0.05218669346627158,0.011704792192094771
2024-02-29,SPY,Ridge,0.05218669346627158,0.000879870986123606
2024-02-29,XLB,GB,0.0650769169860308,-0.02197932891978373
2024-02-29,XLB,HistMean,0.0650769169860308,0.01109768675797164
2024-02-29,XLB,RF,0.0650769169860308,-0.07253698540838972
2024-02-29,XLB,Ridge,0.0650769169860308,-0.002708657896446873
2024-02-29,XLE,GB,0.03272995533397283,-0.09050014214015546
2024-02-29,XLE,HistMean,0.03272995533397283,0.011512294078924347
2024-02-29,XLE,RF,0.03272995533397283,-0.050565809224617106
2024-02-29,XLE,Ridge,0.03272995533397283,0.0021694317330498737
2024-02-29,XLF,GB,0.04076380184095174,0.029923683962608486
2024-02-29,XLF,HistMean,0.04076380184095174,0.01164721914638408
2024-02-29,XLF,RF,0.04076380184095174,0.01283372177830521
2024-02-29,XLF,Ridge,0.04076380184095174,0.01914562603667915
2024-02-29,XLI,GB,0.07183986788788377,-0.01448576141014326
2024-02-29,XLI,HistMean,0.07183986788788377,0.011662756392840435
2024-02-29,XLI,RF,0.07183986788788377,-0.006777311374595653
2024-02-29,XLI,Ridge,0.07183986788788377,-0.005857940469213197
2024-02-29,XLK,GB,0.04704550698871279,0.025995383885142925
2024-02-29,XLK,HistMean,0.04704550698871279,0.019128117770708993
2024-02-29,XLK,RF,0.04704550698871279,0.012672477656103126
2024-02-29,XLK,Ridge,0.04704550698871279,0.006869762288155168
2024-02-29,XLP,GB,0.020981876101482166,0.03592413470798307
2024-02-29,XLP,HistMean,0.020981876101482166,0.006720181171061033
2024-02-29,XLP,RF,0.020981876101482166,0.020542975979161087
2024-02-29,XLP,Ridge,0.020981876101482166,0.0205217564957016
2024-02-29,XLU,GB,0.010577513180180409,-0.008268578655195103
2024-02-29,XLU,HistMean,0.010577513180180409,0.006848035278163809
2024-02-29,XLU,RF,0.010577513180180409,-0.004538671828800406
2024-02-29,XLU,Ridge,0.010577513180180409,-0.004778681657824445
2024-02-29,XLV,GB,0.03162844497578243,0.014297435648304711
2024-02-29,XLV,HistMean,0.03162844497578243,0.010053171186492292
2024-02-29,XLV,RF,0.03162844497578243,0.01488854752851415
2024-02-29,XLV,Ridge,0.03162844497578243,0.020561053589284395
2024-02-29,XLY,GB,0.07892584258009583,0.00839801690133481
2024-02-29,XLY,HistMean,0.07892584258009583,0.011479281074917816
2024-02-29,XLY,RF,0.07892584258009583,0.0030653547539173133
2024-02-29,XLY,Ridge,0.07892584258009583,-0.04935454033448851
2024-03-31,SPY,GB,0.0327019903329453,-0.014231393480443534
2024-03-31,SPY,HistMean,0.0327019903329453,0.012501938351277778
2024-03-31,SPY,RF,0.0327019903329453,-0.004718160978440604
2024-03-31,SPY,Ridge,0.0327019903329453,0.009415326756874145
2024-03-31,XLB,GB,0.06468361457249916,-0.045115174992896176
2024-03-31,XLB,HistMean,0.06468361457249916,0.01165417366753926
2024-03-31,XLB,RF,0.06468361457249916,-0.005531624289725801
2024-03-31,XLB,Ridge,0.06468361457249916,0.002149101913433829
2024-03-31,XLE,GB,0.10486376158346111,-0.018294970303545353
2024-03-31,XLE,HistMean,0.10486376158346111,0.01173103285474959
2024-03-31,XLE,RF,0.10486376158346111,-0.012721764426001468
2024-03-31,XLE,Ridge,0.10486376158346111,0.005574331826718246
2024-03-31,XLF,GB,0.048056068562002396,0.0036258796130512324
2024-03-31,XLF,HistMean,0.048056068562002396,0.011947390101998181
2024-03-31,XLF,RF,0.048056068562002396,0.007639251523134341
2024-03-31,XLF,Ridge,0.048056068562002396,0.01938966002412105
2024-03-31,XLI,GB,0.04420882083009259,-0.026665964610815426
2024-03-31,XLI,HistMean,0.04420882083009259,0.012283138985572841
2024-03-31,XLI,RF,0.04420882083009259,-0.004626331922011808
2024-03-31,XLI,Ridge,0.04420882083009259,-0.01144617130711361
2024-03-31,XLK,GB,0.007894279294791584,0.018606229057081432
2024-03-31,XLK,HistMean,0.007894279294791584,0.019415925906977074
2024-03-31,XLK,RF,0.007894279294791584,0.005777067304607837
2024-03-31,XLK,Ridge,0.007894279294791584,0.024036295865689717
2024-03-31,XLP,GB,0.033205840992306834,0.003833639692544462
2024-03-31,XLP,HistMean,0.033205840992306834,0.00686720895384888
2024-03-31,XLP,RF,0.033205840992306834,0.004350806067057985
2024-03-31,XLP,Ridge,0.033205840992306834,0.01099095200946762
2024-03-31,XLU,GB,0.06590017569283924,-0.025764922433620847
2024-03-31,XLU,HistMean,0.06590017569283924,0.006886483503957794
2024-03-31,XLU,RF,0.06590017569283924,-0.01295406808939705
2024-03-31,XLU,Ridge,0.06590017569283924,0.002283888336313866
2024-03-31,XLV,GB,0.02377735676173498,0.024368447696547085
2024-03-31,XLV,HistMean,0.02377735676173498,0.010275596689474665
2024-03-31,XLV,RF,0.02377735676173498,0.01167017151166174
2024-03-31,XLV,Ridge,0.02377735676173498,0.0153022599723871
2024-03-31,XLY,GB,-0.0006477664242980907,-0.005211094175725489
2024-03-31,XLY,HistMean,-0.0006477664242980907,0.012174606451259857
2024-03-31,XLY,RF,-0.0006477664242980907,0.010308081500411025
2024-03-31,XLY,Ridge,-0.0006477664242980907,0.00022070277932494456
2024-04-30,SPY,GB,-0.04031953417292922,-0.0018631989312572796
2024-04-30,SPY,HistMean,-0.04031953417292922,0.012708061330682549
2024-04-30,SPY,RF,-0.04031953417292922,0.0009617280497929983
2024-04-30,SPY,Ridge,-0.04031953417292922,-0.005615693783665526
2024-04-30,XLB,GB,-0.04586064805503931,-0.02539239809560904
2024-04-30,XLB,HistMean,-0.04586064805503931,0.012195290411467422
2024-04-30,XLB,RF,-0.04586064805503931,0.0018785987408351879
2024-04-30,XLB,Ridge,-0.04586064805503931,-0.01410640053562688
2024-04-30,XLE,GB,-0.009427052571438832,0.04890753755412448
2024-04-30,XLE,HistMean,-0.009427052571438832,0.012681366821369095
2024-04-30,XLE,RF,-0.009427052571438832,0.007542884767141434
2024-04-30,XLE,Ridge,-0.009427052571438832,-0.01277600579955773
2024-04-30,XLF,GB,-0.04178536784554343,-0.014506852832652685
2024-04-30,XLF,HistMean,-0.04178536784554343,0.012315846004651285
2024-04-30,XLF,RF,-0.04178536784554343,0.0037976476292653195
2024-04-30,XLF,Ridge,-0.04178536784554343,-0.0017280708425225066
2024-04-30,XLI,GB,-0.035249275635169997,-0.006287721956910183
2024-04-30,XLI,HistMean,-0.035249275635169997,0.01260891124929243
2024-04-30,XLI,RF,-0.035249275635169997,-0.002044672331071744
2024-04-30,XLI,Ridge,-0.035249275635169997,-0.02473720087396153
2024-04-30,XLK,GB,-0.057617505080028386,-0.009605732424462016
2024-04-30,XLK,HistMean,-0.057617505080028386,0.01929835808440375
2024-04-30,XLK,RF,-0.057617505080028386,0.009904764568159228
2024-04-30,XLK,Ridge,-0.057617505080028386,0.0024135059221138677
2024-04-30,XLP,GB,-0.01126240155709346,0.012034485040620158
2024-04-30,XLP,HistMean,-0.01126240155709346,0.007135970505261716
2024-04-30,XLP,RF,-0.01126240155709346,0.0027710561762289213
2024-04-30,XLP,Ridge,-0.01126240155709346,0.0012966001458533955
2024-04-30,XLU,GB,0.016603142101070167,0.0011866745593357543
2024-04-30,XLU,HistMean,0.016603142101070167,0.007488664036497401
2024-04-30,XLU,RF,0.016603142101070167,-0.005917467731055961
2024-04-30,XLU,Ridge,0.016603142101070167,-0.02039983075253906
2024-04-30,XLV,GB,-0.050091460252153164,0.007754487790716045
2024-04-30,XLV,HistMean,-0.050091460252153164,0.010413369751436504
2024-04-30,XLV,RF,-0.050091460252153164,0.013016873300291717
2024-04-30,XLV,Ridge,-0.050091460252153164,0.005639837638344291
2024-04-30,XLY,GB,-0.044972670619517374,-0.03608833815418749
2024-04-30,XLY,HistMean,-0.044972670619517374,0.012043765911713347
2024-04-30,XLY,RF,-0.044972670619517374,-0.019284536365383194
2024-04-30,XLY,Ridge,-0.044972670619517374,-0.012561010180475349
2024-05-31,SPY,GB,0.05057971760877722,-0.02508294570541141
2024-05-31,SPY,HistMean,0.05057971760877722,0.012172429052868288
2024-05-31,SPY,RF,0.05057971760877722,0.006410379312773141
2024-05-31,SPY,Ridge,0.05057971760877722,-0.00261793584214029
2024-05-31,XLB,GB,0.032720280071261376,0.010143148588279829
2024-05-31,XLB,HistMean,0.032720280071261376,0.011608866790593616
2024-05-31,XLB,RF,0.032720280071261376,0.00901710498718205
2024-05-31,XLB,Ridge,0.032720280071261376,0.0023710678855229615
2024-05-31,XLE,GB,-0.0034216497093066955,0.022934236354222506
2024-05-31,XLE,HistMean,-0.0034216497093066955,0.012458049453764974
2024-05-31,XLE,RF,-0.0034216497093066955,0.017163187289534705
2024-05-31,XLE,Ridge,-0.0034216497093066955,0.036949599991727214
2024-05-31,XLF,GB,0.03171431501126576,-0.002753227277200586
2024-05-31,XLF,HistMean,0.03171431501126576,0.011769369097073561
2024-05-31,XLF,RF,0.03171431501126576,0.006839915427459061
2024-05-31,XLF,Ridge,0.03171431501126576,-0.025360365156984907
2024-05-31,XLI,GB,0.016375927944496382,0.01973071991237188
2024-05-31,XLI,HistMean,0.016375927944496382,0.012125495220156443
2024-05-31,XLI,RF,0.016375927944496382,0.007744364790882532
2024-05-31,XLI,Ridge,0.016375927944496382,-0.014633544832145618
2024-05-31,XLK,GB,0.07076979909729952,0.0561455051064108
2024-05-31,XLK,HistMean,0.07076979909729952,0.018521430173651914
2024-05-31,XLK,RF,0.07076979909729952,0.013649554893001214
2024-05-31,XLK,Ridge,0.07076979909729952,0.007107453927246873
2024-05-31,XLP,GB,0.02437071746450359,0.01388159938353426
2024-05-31,XLP,HistMean,0.02437071746450359,0.006950128363217725
2024-05-31,XLP,RF,0.02437071746450359,0.0057306065555401305
2024-05-31,XLP,Ridge,0.02437071746450359,-0.0044274334835178635
2024-05-31,XLU,GB,0.08960143765526096,-0.05044061484237371
2024-05-31,XLU,HistMean,0.08960143765526096,0.0075807294714930855
2024-05-31,XLU,RF,0.08960143765526096,-0.006909076558274679
2024-05-31,XLU,Ridge,0.08960143765526096,-0.010907613782262654
2024-05-31,XLV,GB,0.024014855607222385,0.017913798726709215
2024-05-31,XLV,HistMean,0.024014855607222385,0.009802209852410345
2024-05-31,XLV,RF,0.024014855607222385,0.007288976834035418
2024-05-31,XLV,Ridge,0.024014855607222385,0.01562641462023192
2024-05-31,XLY,GB,0.0019931906387893328,-0.0052997037879579795
2024-05-31,XLY,HistMean,0.0019931906387893328,0.011467842310387786
2024-05-31,XLY,RF,0.0019931906387893328,-0.0010168874687118841
2024-05-31,XLY,Ridge,0.0019931906387893328,0.010076351171165227
2024-06-30,SPY,GB,0.03528012855736318,0.009605995199201243
2024-06-30,SPY,HistMean,0.03528012855736318,0.012556501938427379
2024-06-30,SPY,RF,0.03528012855736318,0.009715565358631278
2024-06-30,SPY,Ridge,0.03528012855736318,0.00010130839848696352
2024-06-30,XLB,GB,-0.030583626508142947,0.0091419076241054
2024-06-30,XLB,HistMean,-0.030583626508142947,0.011819980923400293
2024-06-30,XLB,RF,-0.030583626508142947,0.0074413260676797115
2024-06-30,XLB,Ridge,-0.030583626508142947,-0.0032147161342504574
2024-06-30,XLE,GB,-0.0141417339408334,0.019497491648561127
2024-06-30,XLE,HistMean,-0.0141417339408334,0.012299252462134258
2024-06-30,XLE,RF,-0.0141417339408334,0.009776405076358357
2024-06-30,XLE,Ridge,-0.0141417339408334,-0.006076115943968884
2024-06-30,XLF,GB,-0.008818839018823188,-0.007241128466784429
2024-06-30,XLF,HistMean,-0.008818839018823188,0.011968818556215484
2024-06-30,XLF,RF,-0.008818839018823188,-0.005944237015461192
2024-06-30,XLF,Ridge,-0.008818839018823188,-0.030802546909023613
2024-06-30,XLI,GB,-0.009888537930364039,-0.004413954981190556
2024-06-30,XLI,HistMean,-0.009888537930364039,0.012167999547399843
2024-06-30,XLI,RF,-0.009888537930364039,-0.0003651668105803048
2024-06-30,XLI,Ridge,-0.009888537930364039,-0.010597999122588997
2024-06-30,XLK,GB,0.07835391629141175,0.027850160528632182
2024-06-30,XLK,HistMean,0.07835391629141175,0.01904391386288839
2024-06-30,XLK,RF,0.07835391629141175,0.020737640216764965
2024-06-30,XLK,Ridge,0.07835391629141175,-0.009373673520398616
2024-06-30,XLP,GB,-0.002351060660776616,-0.029899162415185424
2024-06-30,XLP,HistMean,-0.002351060660776616,0.007124334254230583
2024-06-30,XLP,RF,-0.002351060660776616,-0.010640559461648269
2024-06-30,XLP,Ridge,-0.002351060660776616,-0.002660447880371268
2024-06-30,XLU,GB,-0.05542625069234719,-0.03820353088992201
2024-06-30,XLU,HistMean,-0.05542625069234719,0.008400936553330764
2024-06-30,XLU,RF,-0.05542625069234719,-0.024269886092011982
2024-06-30,XLU,Ridge,-0.05542625069234719,-0.020532328078272676
2024-06-30,XLV,GB,0.018240002565472313,0.06110404024300256
2024-06-30,XLV,HistMean,0.018240002565472313,0.009944336309958467
2024-06-30,XLV,RF,0.018240002565472313,0.01130573203685431
2024-06-30,XLV,Ridge,0.018240002565472313,0.02426412811474107
2024-06-30,XLY,GB,0.03876997425998341,0.01622574793957674
2024-06-30,XLY,HistMean,0.03876997425998341,0.011373095793671802
2024-06-30,XLY,RF,0.03876997425998341,0.006877901664425514
2024-06-30,XLY,Ridge,0.03876997425998341,0.00788486279539051
2024-07-31,SPY,GB,0.012109031554593752,0.01728032017993875
2024-07-31,SPY,HistMean,0.012109031554593752,0.01278148834059506
2024-07-31,SPY,RF,0.012109031554593752,0.014734039833008174
2024-07-31,SPY,Ridge,0.012109031554593752,0.00021714007277944675
2024-07-31,XLB,GB,0.043369974525783395,-0.06439179410334968
2024-07-31,XLB,HistMean,0.043369974525783395,0.011400143226058281
2024-07-31,XLB,RF,0.043369974525783395,-0.0544236670279691
2024-07-31,XLB,Ridge,0.043369974525783395,0.006110847961394257
2024-07-31,XLE,GB,0.02260003629233931,-0.03228069905548407
2024-07-31,XLE,HistMean,0.02260003629233931,0.012037460517550419
2024-07-31,XLE,RF,0.02260003629233931,-0.004517364534375459
2024-07-31,XLE,Ridge,0.02260003629233931,-0.010683528982877508
2024-07-31,XLF,GB,0.06397477804400409,-0.00514843438279992
2024-07-31,XLF,HistMean,0.06397477804400409,0.011763000164383416
2024-07-31,XLF,RF,0.06397477804400409,-0.0016472494920213771
2024-07-31,XLF,Ridge,0.06397477804400409,-0.02861950198489796
2024-07-31,XLI,GB,0.049150672220726666,-0.02627229788162719
2024-07-31,XLI,HistMean,0.049150672220726666,0.011949617988214064
2024-07-31,XLI,RF,0.049150672220726666,-0.0037645143364992916
2024-07-31,XLI,Ridge,0.049150672220726666,-0.004707501026372272
2024-07-31,XLK,GB,-0.03284260573613029,0.03394816755382232
2024-07-31,XLK,HistMean,-0.03284260573613029,0.01963114160970545
2024-07-31,XLK,RF,-0.03284260573613029,0.02266978596007279
2024-07-31,XLK,Ridge,-0.03284260573613029,-0.010016866690362586
2024-07-31,XLP,GB,0.016584095965503698,0.00044987436097087
2024-07-31,XLP,HistMean,0.016584095965503698,0.007030518462992888
2024-07-31,XLP,RF,0.016584095965503698,0.004847711075833044
2024-07-31,XLP,Ridge,0.016584095965503698,0.0023402509816488025
2024-07-31,XLU,GB,0.06824169908269018,0.004258290592304452
2024-07-31,XLU,HistMean,0.06824169908269018,0.007768984204363656
2024-07-31,XLU,RF,0.06824169908269018,0.0027765182401933122
2024-07-31,XLU,Ridge,0.06824169908269018,-0.00835175173314064
2024-07-31,XLV,GB,0.02662112698523811,0.057515986790089235
2024-07-31,XLV,HistMean,0.02662112698523811,0.010026471619418999
2024-07-31,XLV,RF,0.02662112698523811,0.01905389718764085
2024-07-31,XLV,Ridge,0.02662112698523811,0.03400769515432389
2024-07-31,XLY,GB,0.027905853512370626,0.004550305828059163
2024-07-31,XLY,HistMean,0.027905853512370626,0.01164435201611053
2024-07-31,XLY,RF,0.027905853512370626,0.010940331614718107
2024-07-31,XLY,Ridge,0.027905853512370626,0.006815945903877345
2024-08-31,SPY,GB,0.023365434996028167,-0.002135033463440771
2024-08-31,SPY,HistMean,0.023365434996028167,0.01277489562700681
2024-08-31,SPY,RF,0.023365434996028167,0.006884282456935562
2024-08-31,SPY,Ridge,0.023365434996028167,0.010998341633408041
2024-08-31,XLB,GB,0.02322547799854302,0.003014473976191855
2024-08-31,XLB,HistMean,0.02322547799854302,0.011713572944683037
2024-08-31,XLB,RF,0.02322547799854302,-0.0044349096611284965
2024-08-31,XLB,Ridge,0.02322547799854302,-0.015620626182338278
2024-08-31,XLE,GB,-0.020705968751606796,-0.06179090182106177
2024-08-31,XLE,HistMean,-0.020705968751606796,0.012141015182009135
2024-08-31,XLE,RF,-0.020705968751606796,0.00037268535107092964
2024-08-31,XLE,Ridge,-0.020705968751606796,-0.020690558357301693
2024-08-31,XLF,GB,0.04572457253787965,-0.051561833028395586
2024-08-31,XLF,HistMean,0.04572457253787965,0.012274880339673815
2024-08-31,XLF,RF,0.04572457253787965,-0.004464187357615088
2024-08-31,XLF,Ridge,0.04572457253787965,-0.03159615526377705
2024-08-31,XLI,GB,0.028155967409652538,-0.011989371808800484
2024-08-31,XLI,HistMean,0.028155967409652538,0.012314334206179873
2024-08-31,XLI,RF,0.028155967409652538,-0.0037523295293780067
2024-08-31,XLI,Ridge,0.028155967409652538,-0.00754776419555768
2024-08-31,XLK,GB,0.006992645116915108,0.018445354339049674
2024-08-31,XLK,HistMean,0.006992645116915108,0.019116693106314905
2024-08-31,XLK,RF,0.006992645116915108,0.02016254570986913
2024-08-31,XLK,Ridge,0.006992645116915108,-0.0024016344364594967
2024-08-31,XLP,GB,0.059858570292992797,0.006742897101975745
2024-08-31,XLP,HistMean,0.059858570292992797,0.007124180987527308
2024-08-31,XLP,RF,0.059858570292992797,0.006429744977132478
2024-08-31,XLP,Ridge,0.059858570292992797,0.004736618153673801
2024-08-31,XLU,GB,0.04808361470821709,-0.06302626883081233
2024-08-31,XLU,HistMean,0.04808361470821709,0.00836185395807274
2024-08-31,XLU,RF,0.04808361470821709,-0.038828180999460005
2024-08-31,XLU,Ridge,0.04808361470821709,-0.028444425779062907
2024-08-31,XLV,GB,0.05059126272976178,0.0321882083955515
2024-08-31,XLV,HistMean,0.05059126272976178,0.010189164319083892
2024-08-31,XLV,RF,0.05059126272976178,0.021281241095274104
2024-08-31,XLV,Ridge,0.05059126272976178,0.0319998401003435
2024-08-31,XLY,GB,-0.001973484878826537,0.017061721146277586
2024-08-31,XLY,HistMean,-0.001973484878826537,0.011803778501367983
2024-08-31,XLY,RF,-0.001973484878826537,0.014642137771841347
2024-08-31,XLY,Ridge,-0.001973484878826537,0.011552334047847442
2024-09-30,SPY,GB,0.02100475865224083,0.005667211723370442
2024-09-30,SPY,HistMean,0.02100475865224083,0.012877716397579834
2024-09-30,SPY,RF,0.02100475865224083,0.013724454462788138
2024-09-30,SPY,Ridge,0.02100475865224083,0.019715541252896533
2024-09-30,XLB,GB,0.026836791186663378,0.006327905768324241
2024-09-30,XLB,HistMean,0.026836791186663378,0.011825339013167114
2024-09-30,XLB,RF,0.026836791186663378,0.006540140864272468
2024-09-30,XLB,Ridge,0.026836791186663378,0.0003762331418999832
2024-09-30,XLE,GB,-0.03018104152286416,-0.03713887575232154
2024-09-30,XLE,HistMean,-0.03018104152286416,0.011822112425372087
2024-09-30,XLE,RF,-0.03018104152286416,-0.003062399878983934
2024-09-30,XLE,Ridge,-0.03018104152286416,-0.013411691054662363
2024-09-30,XLF,GB,-0.005588835316497898,-0.009019124362483227
2024-09-30,XLF,HistMean,-0.005588835316497898,0.01259963463286028
2024-09-30,XLF,RF,-0.005588835316497898,0.0018198499039059253
2024-09-30,XLF,Ridge,-0.005588835316497898,-0.01657929743029124
2024-09-30,XLI,GB,0.03362039898413416,0.004140326112316305
2024-09-30,XLI,HistMean,0.03362039898413416,0.012468136470291259
2024-09-30,XLI,RF,0.03362039898413416,0.0025923875525215734
2024-09-30,XLI,Ridge,0.03362039898413416,0.010230650589448408
2024-09-30,XLK,GB,0.026485325798156323,0.02631081911705082
2024-09-30,XLK,HistMean,0.026485325798156323,0.018998983902534326
2024-09-30,XLK,RF,0.026485325798156323,0.02510631035720469
2024-09-30,XLK,Ridge,0.026485325798156323,0.0018958376601573464
2024-09-30,XLP,GB,0.011284313751103836,-0.002060531649591347
2024-09-30,XLP,HistMean,0.011284313751103836,0.0076361653497162936
2024-09-30,XLP,RF,0.011284313751103836,0.002415971599459682
2024-09-30,XLP,Ridge,0.011284313751103836,-0.001227995963144826
2024-09-30,XLU,GB,0.06602966632819918,-0.03533870346722377
2024-09-30,XLU,HistMean,0.06602966632819918,0.0087475021206955
2024-09-30,XLU,RF,0.06602966632819918,-0.019092524976691772
2024-09-30,XLU,Ridge,0.06602966632819918,-0.013010750968484747
2024-09-30,XLV,GB,-0.016574513259610568,0.04229053243436562
2024-09-30,XLV,HistMean,-0.016574513259610568,0.010581417701711834
2024-09-30,XLV,RF,-0.016574513259610568,0.01983825496897007
2024-09-30,XLV,Ridge,-0.016574513259610568,0.01455077647043173
2024-09-30,XLY,GB,0.07301952026557124,0.01672487588968504
2024-09-30,XLY,HistMean,0.07301952026557124,0.011670018662725316
2024-09-30,XLY,RF,0.07301952026557124,0.016828192301158465
2024-09-30,XLY,Ridge,0.07301952026557124,0.0027551403972074385
2024-10-31,SPY,GB,-0.008923673517209463,0.011869763564257273
2024-10-31,SPY,HistMean,-0.008923673517209463,0.012955861034643882
2024-10-31,SPY,RF,-0.008923673517209463,0.0071850103453540235
2024-10-31,SPY,Ridge,-0.008923673517209463,0.02304939828654365
2024-10-31,XLB,GB,-0.03102297494846229,0.02223196782783982
2024-10-31,XLB,HistMean,-0.03102297494846229,0.011969679899450735
2024-10-31,XLB,RF,-0.03102297494846229,0.007547315086434231
2024-10-31,XLB,Ridge,-0.03102297494846229,0.02063997541742269
2024-10-31,XLE,GB,0.008997690901642041,0.015711029015219372
2024-10-31,XLE,HistMean,0.008997690901642041,0.011418235945100587
2024-10-31,XLE,RF,0.008997690901642041,0.0021545157450609956
2024-10-31,XLE,Ridge,0.008997690901642041,0.03120749454418486
2024-10-31,XLF,GB,0.02559577113945677,0.02545784750462107
2024-10-31,XLF,HistMean,0.02559577113945677,0.012424745498731836
2024-10-31,XLF,RF,0.02559577113945677,0.00858219275807236
2024-10-31,XLF,Ridge,0.02559577113945677,-0.0027041997985569315
2024-10-31,XLI,GB,-0.011887365790451132,-0.002795635672714965
2024-10-31,XLI,HistMean,-0.011887365790451132,0.01267152360984744
2024-10-31,XLI,RF,-0.011887365790451132,-0.003943458720882877
2024-10-31,XLI,Ridge,-0.011887365790451132,0.033819333727481464
2024-10-31,XLK,GB,-0.015591692160829673,0.026712819860713135
2024-10-31,XLK,HistMean,-0.015591692160829673,0.019070967959222997
2024-10-31,XLK,RF,-0.015591692160829673,0.026394182325846907
2024-10-31,XLK,Ridge,-0.015591692160829673,-0.00637649785332952
2024-10-31,XLP,GB,-0.03469879508849805,-0.03193195946686352
2024-10-31,XLP,HistMean,-0.03469879508849805,0.007671243699729635
2024-10-31,XLP,RF,-0.03469879508849805,-0.02120224464586779
2024-10-31,XLP,Ridge,-0.03469879508849805,-0.0073726284999260745
2024-10-31,XLU,GB,-0.010770046700252833,-0.02549838795768031
2024-10-31,XLU,HistMean,-0.010770046700252833,0.009298292161152267
2024-10-31,XLU,RF,-0.010770046700252833,-0.016997199770767798
2024-10-31,XLU,Ridge,-0.010770046700252833,-0.023805927801158387
2024-10-31,XLV,GB,-0.04642266967669206,0.033033437454683026
2024-10-31,XLV,HistMean,-0.04642266967669206,0.010320302980929888
2024-10-31,XLV,RF,-0.04642266967669206,0.014377287163673097
2024-10-31,XLV,Ridge,-0.04642266967669206,0.007894245621071133
2024-10-31,XLY,GB,-0.017367727490148366,0.0031718383550008726
2024-10-31,XLY,HistMean,-0.017367727490148366,0.012259917716598836
2024-10-31,XLY,RF,-0.017367727490148366,0.014552761366235305
2024-10-31,XLY,Ridge,-0.017367727490148366,0.017075378137342445
2024-11-30,SPY,GB,0.05963370312357963,-0.025998181939981754
2024-11-30,SPY,HistMean,0.05963370312357963,0.012747484515102422
2024-11-30,SPY,RF,0.05963370312357963,0.003436453225614989
2024-11-30,SPY,Ridge,0.05963370312357963,0.012807157736762402
2024-11-30,XLB,GB,0.014883905620289628,0.0223632961913054
2024-11-30,XLB,HistMean,0.014883905620289628,0.011560226043756325
2024-11-30,XLB,RF,0.014883905620289628,0.010623935387853984
2024-11-30,XLB,Ridge,0.014883905620289628,0.008106573555480076
2024-11-30,XLE,GB,0.07833848333992144,0.01457086865310065
2024-11-30,XLE,HistMean,0.07833848333992144,0.011395183135162886
2024-11-30,XLE,RF,0.07833848333992144,0.015168696661324683
2024-11-30,XLE,Ridge,0.07833848333992144,0.031838070101995346
2024-11-30,XLF,GB,0.10456106262201326,-0.006531017613605352
2024-11-30,XLF,HistMean,0.10456106262201326,0.012550183838167311
2024-11-30,XLF,RF,0.10456106262201326,0.005315401737716999
2024-11-30,XLF,Ridge,0.10456106262201326,-0.012724963620406173
2024-11-30,XLI,GB,0.07591718608063003,-0.006112051217361005
2024-11-30,XLI,HistMean,0.07591718608063003,0.012437629425082692
2024-11-30,XLI,RF,0.07591718608063003,0.00034421104239799156
2024-11-30,XLI,Ridge,0.07591718608063003,0.02155509167101606
2024-11-30,XLK,GB,0.051700805269727645,0.03928530950868675
2024-11-30,XLK,HistMean,0.051700805269727645,0.018740847386651067
2024-11-30,XLK,RF,0.051700805269727645,0.025721367677919674
2024-11-30,XLK,Ridge,0.051700805269727645,-0.011292503234810989
2024-11-30,XLP,GB,0.038692078970320454,-0.003545112006955472
2024-11-30,XLP,HistMean,0.038692078970320454,0.007267719520794133
2024-11-30,XLP,RF,0.038692078970320454,-0.0036177261675033965
2024-11-30,XLP,Ridge,0.038692078970320454,-0.008764825589937086
2024-11-30,XLU,GB,0.03779257908106626,-0.033283893209469374
2024-11-30,XLU,HistMean,0.03779257908106626,0.00910716512437698
2024-11-30,XLU,RF,0.03779257908106626,-0.012192679042214525
2024-11-30,XLU,Ridge,0.03779257908106626,-0.003767015024718035
2024-11-30,XLV,GB,0.003676588593276797,-0.005027874007345209
2024-11-30,XLV,HistMean,0.003676588593276797,0.009779893717523965
2024-11-30,XLV,RF,0.003676588593276797,0.015785131423238282
2024-11-30,XLV,Ridge,0.003676588593276797,0.0014668687989035402
2024-11-30,XLY,GB,0.1290568258135154,0.0023046630712721897
2024-11-30,XLY,HistMean,0.1290568258135154,0.011977749667010769
2024-11-30,XLY,RF,0.1290568258135154,0.01163166890797585
2024-11-30,XLY,Ridge,0.1290568258135154,0.0029049686709330357
2024-12-31,SPY,GB,-0.024060208830796292,0.023886733137620658
2024-12-31,SPY,HistMean,-0.024060208830796292,0.013189807332163529
2024-12-31,SPY,RF,-0.024060208830796292,0.007034705660909414
2024-12-31,SPY,Ridge,-0.024060208830796292,-0.005121327367053516
2024-12-31,XLB,GB,-0.10763019450685685,0.00234428524133332
2024-12-31,XLB,HistMean,-0.10763019450685685,0.011591581511459469
2024-12-31,XLB,RF,-0.10763019450685685,-0.008488070872005659
2024-12-31,XLB,Ridge,-0.10763019450685685,0.01636823828310548
2024-12-31,XLE,GB,-0.09579574435290972,-0.020465584722941986
2024-12-31,XLE,HistMean,-0.09579574435290972,0.012026723703132305
2024-12-31,XLE,RF,-0.09579574435290972,0.00043477284577965393
2024-12-31,XLE,Ridge,-0.09579574435290972,-0.03316678121733255
2024-12-31,XLF,GB,-0.054614140194009564,0.014280300407198455
2024-12-31,XLF,HistMean,-0.054614140194009564,0.01341821099650548
2024-12-31,XLF,RF,-0.054614140194009564,0.00810175658508432
2024-12-31,XLF,Ridge,-0.054614140194009564,-0.020243592949427236
2024-12-31,XLI,GB,-0.08033181702922054,0.023692727170502366
2024-12-31,XLI,HistMean,-0.08033181702922054,0.013036493167116156
2024-12-31,XLI,RF,-0.08033181702922054,0.009466370527427137
2024-12-31,XLI,Ridge,-0.08033181702922054,0.017337063155070217
2024-12-31,XLK,GB,-0.0035468454631302215,0.008184475351055001
2024-12-31,XLK,HistMean,-0.0035468454631302215,0.019051790385548013
2024-12-31,XLK,RF,-0.0035468454631302215,0.016136969370221698
2024-12-31,XLK,Ridge,-0.0035468454631302215,-0.018657707760688022
2024-12-31,XLP,GB,-0.04822793430267691,-0.03655672195028906
2024-12-31,XLP,HistMean,-0.04822793430267691,0.00756417574201608
2024-12-31,XLP,RF,-0.04822793430267691,-0.014299927745516762
2024-12-31,XLP,Ridge,-0.04822793430267691,0.0021608929158849245
2024-12-31,XLU,GB,-0.07974113042149888,-0.010999741611179075
2024-12-31,XLU,HistMean,-0.07974113042149888,0.009377782237175935
2024-12-31,XLU,RF,-0.07974113042149888,-0.014316229723646143
2024-12-31,XLU,Ridge,-0.07974113042149888,-0.0003763086722368327
2024-12-31,XLV,GB,-0.06252708587679834,0.02363558662679198
2024-12-31,XLV,HistMean,-0.06252708587679834,0.009722315367295217
2024-12-31,XLV,RF,-0.06252708587679834,0.015394219467292448
2024-12-31,XLV,Ridge,-0.06252708587679834,0.015805568392691295
2024-12-31,XLY,GB,0.011134345070517915,0.04067279108367815
2024-12-31,XLY,HistMean,0.011134345070517915,0.013082269253298548
2024-12-31,XLY,RF,0.011134345070517915,-0.0044988763806657695
2024-12-31,XLY,Ridge,0.011134345070517915,-0.014592044493234821
2025-01-31,SPY,GB,0.02685632474815458,-0.005468660698427175
2025-01-31,SPY,HistMean,0.02685632474815458,0.012841676339986334
2025-01-31,SPY,RF,0.02685632474815458,0.01357109911368212
2025-01-31,SPY,Ridge,0.02685632474815458,0.007189394913511319
2025-01-31,XLB,GB,0.05526494264517101,0.0375999100344146
2025-01-31,XLB,HistMean,0.05526494264517101,0.01047735930568081
2025-01-31,XLB,RF,0.05526494264517101,-0.01629371076381229
2025-01-31,XLB,Ridge,0.05526494264517101,0.026373320955191168
2025-01-31,XLE,GB,0.023114551560857288,0.037940129884250544
2025-01-31,XLE,HistMean,0.023114551560857288,0.011019037085786118
2025-01-31,XLE,RF,0.023114551560857288,0.021002971768169645
2025-01-31,XLE,Ridge,0.023114551560857288,0.0013885463966492092
2025-01-31,XLF,GB,0.06496999581711127,0.03193808841167677
2025-01-31,XLF,HistMean,0.06496999581711127,0.012782394630238983
2025-01-31,XLF,RF,0.06496999581711127,0.020602422787016808
2025-01-31,XLF,Ridge,0.06496999581711127,0.001278373294554571
2025-01-31,XLI,GB,0.05001527529975203,0.009123319753488327
2025-01-31,XLI,HistMean,0.05001527529975203,0.012163892137243853
2025-01-31,XLI,RF,0.05001527529975203,0.018034904185746336
2025-01-31,XLI,Ridge,0.05001527529975203,0.01974269539888429
2025-01-31,XLK,GB,-0.0073541759612579805,0.02272197449381641
2025-01-31,XLK,HistMean,-0.0073541759612579805,0.01884058818135476
2025-01-31,XLK,RF,-0.0073541759612579805,0.02178137529003922
2025-01-31,XLK,Ridge,-0.0073541759612579805,0.01937494943966723
2025-01-31,XLP,GB,0.00470678663426205,0.012199077675988663
2025-01-31,XLP,HistMean,0.00470678663426205,0.007042754152813341
2025-01-31,XLP,RF,0.00470678663426205,0.008142879522334296
2025-01-31,XLP,Ridge,0.00470678663426205,0.007294912111628396
2025-01-31,XLU,GB,0.028933873634708673,0.01509462620094692
2025-01-31,XLU,HistMean,0.028933873634708673,0.008544895202982713
2025-01-31,XLU,RF,0.028933873634708673,0.007890293260646957
2025-01-31,XLU,Ridge,0.028933873634708673,0.028979306670394965
2025-01-31,XLV,GB,0.06760187024092912,-0.037850620871670945
2025-01-31,XLV,HistMean,0.06760187024092912,0.009047087318284998
2025-01-31,XLV,RF,0.06760187024092912,0.014135009966931759
2025-01-31,XLV,Ridge,0.06760187024092912,0.024956835501612498
2025-01-31,XLY,GB,0.03485625866977915,0.02459042812118201
2025-01-31,XLY,HistMean,0.03485625866977915,0.013064064354394056
2025-01-31,XLY,RF,0.03485625866977915,0.0020305090403195413
2025-01-31,XLY,Ridge,0.03485625866977915,0.013708794564497513
2025-02-28,SPY,GB,-0.012694834127274901,0.005547425024533157
2025-02-28,SPY,HistMean,-0.012694834127274901,0.012971441603024929
2025-02-28,SPY,RF,-0.012694834127274901,0.008805632438132184
2025-02-28,SPY,Ridge,-0.012694834127274901,0.000830745332431708
2025-02-28,XLB,GB,-0.0003378486628129451,0.02092431946838227
2025-02-28,XLB,HistMean,-0.0003378486628129451,0.010892059151416831
2025-02-28,XLB,RF,-0.0003378486628129451,-0.011428125016892748
2025-02-28,XLB,Ridge,-0.0003378486628129451,0.0010334442194637975
2025-02-28,XLE,GB,0.03833860375948306,-0.005729928804270665
2025-02-28,XLE,HistMean,0.03833860375948306,0.011131032590184926
2025-02-28,XLE,RF,0.03833860375948306,0.004065487767275519
2025-02-28,XLE,Ridge,0.03833860375948306,-0.02747580232195564
2025-02-28,XLF,GB,0.013794404696146234,0.001340679163139372
2025-02-28,XLF,HistMean,0.013794404696146234,0.01326561315974706
2025-02-28,XLF,RF,0.013794404696146234,0.010033065609411635
2025-02-28,XLF,Ridge,0.013794404696146234,-0.00802030687434639
2025-02-28,XLI,GB,-0.014600613974306342,-0.021070958469631154
2025-02-28,XLI,HistMean,-0.014600613974306342,0.012514367907267076
2025-02-28,XLI,RF,-0.014600613974306342,0.004365234024079934
2025-02-28,XLI,Ridge,-0.014600613974306342,0.004848514908556943
2025-02-28,XLK,GB,-0.022875972838774294,0.0184386151219654
2025-02-28,XLK,HistMean,-0.022875972838774294,0.01859804406892316
2025-02-28,XLK,RF,-0.022875972838774294,0.020070311037760455
2025-02-28,XLK,Ridge,-0.022875972838774294,0.016375418919436273
2025-02-28,XLP,GB,0.05191192699223812,0.017220128414220853
2025-02-28,XLP,HistMean,0.05191192699223812,0.007021124823937867
2025-02-28,XLP,RF,0.05191192699223812,0.009627396151341035
2025-02-28,XLP,Ridge,0.05191192699223812,0.007761549900318739
2025-02-28,XLU,GB,0.01720593086274591,0.005338668029013507
2025-02-28,XLU,HistMean,0.01720593086274591,0.008733682040313509
2025-02-28,XLU,RF,0.01720593086274591,0.0025977440764503017
2025-02-28,XLU,Ridge,0.01720593086274591,0.009533547611120477
2025-02-28,XLV,GB,0.014026069372611305,0.034580407217453056
2025-02-28,XLV,HistMean,0.014026069372611305,0.009589261234235405
2025-02-28,XLV,RF,0.014026069372611305,0.006072994893023659
2025-02-28,XLV,Ridge,0.014026069372611305,0.003005319654630823
2025-02-28,XLY,GB,-0.0698194860527952,0.010084730599110832
2025-02-28,XLY,HistMean,-0.0698194860527952,0.013265843931388363
2025-02-28,XLY,RF,-0.0698194860527952,0.004935524272084381
2025-02-28,XLY,Ridge,-0.0698194860527952,0.011679704137373577
2025-03-31,SPY,GB,-0.05571901171809257,0.013183143161942015
2025-03-31,SPY,HistMean,-0.05571901171809257,0.012735971183480894
2025-03-31,SPY,RF,-0.05571901171809257,0.014676635589144423
2025-03-31,SPY,Ridge,-0.05571901171809257,0.02103518411882968
2025-03-31,XLB,GB,-0.026702851057362254,0.04757834070278072
2025-03-31,XLB,HistMean,-0.026702851057362254,0.010789032474222063
2025-03-31,XLB,RF,-0.026702851057362254,0.019335899213698604
2025-03-31,XLB,Ridge,-0.026702851057362254,0.01715217836539639
2025-03-31,XLE,GB,0.034932374788078535,0.07694300779446311
2025-03-31,XLE,HistMean,0.034932374788078535,0.011380643334857386
2025-03-31,XLE,RF,0.034932374788078535,0.023808390605582895
2025-03-31,XLE,Ridge,0.034932374788078535,-0.007132319895770924
2025-03-31,XLF,GB,-0.04195237801120544,0.03257347240703573
2025-03-31,XLF,HistMean,-0.04195237801120544,0.013270464458246135
2025-03-31,XLF,RF,-0.04195237801120544,0.02307591023612813
2025-03-31,XLF,Ridge,-0.04195237801120544,-0.0010576120944346783
2025-03-31,XLI,GB,-0.035629656111391905,-0.02459399802964767
2025-03-31,XLI,HistMean,-0.035629656111391905,0.012265606605601265
2025-03-31,XLI,RF,-0.035629656111391905,0.016045642530621424
2025-03-31,XLI,Ridge,-0.035629656111391905,0.032506854408198935
2025-03-31,XLK,GB,-0.08286027234489357,0.009483157202188564
2025-03-31,XLK,HistMean,-0.08286027234489357,0.018217548500962633
2025-03-31,XLK,RF,-0.08286027234489357,0.018189876412121192
2025-03-31,XLK,Ridge,-0.08286027234489357,0.03511293351975818
2025-03-31,XLP,GB,-0.011764518371973898,-0.0006249148979359605
2025-03-31,XLP,HistMean,-0.011764518371973898,0.007432967045665392
2025-03-31,XLP,RF,-0.011764518371973898,0.005980946796300891
2025-03-31,XLP,Ridge,-0.011764518371973898,0.011884352561467217
2025-03-31,XLU,GB,0.0023938984964693155,0.027116055815514656
2025-03-31,XLU,HistMean,0.0023938984964693155,0.00881140909373032
2025-03-31,XLU,RF,0.0023938984964693155,0.01543485759742017
2025-03-31,XLU,Ridge,0.0023938984964693155,0.01947741476917966
2025-03-31,XLV,GB,-0.015813362665184072,0.044957747158531514
2025-03-31,XLV,HistMean,-0.015813362665184072,0.009629965896055368
2025-03-31,XLV,RF,-0.015813362665184072,0.01812536410522738
2025-03-31,XLV,Ridge,-0.015813362665184072,0.0034967310393251485
2025-03-31,XLY,GB,-0.08314741120922775,-0.0018079271229142144
2025-03-31,XLY,HistMean,-0.08314741120922775,0.012503593197588514
2025-03-31,XLY,RF,-0.08314741120922775,0.0043526399708561005
2025-03-31,XLY,Ridge,-0.08314741120922775,0.01739512426459101
2025-04-30,SPY,GB,-0.008670289302467826,0.018500009150040877
2025-04-30,SPY,HistMean,-0.008670289302467826,0.012113653157102952
2025-04-30,SPY,RF,-0.008670289302467826,-0.021090013568442482
2025-04-30,SPY,Ridge,-0.008670289302467826,0.027503908172125273
2025-04-30,XLB,GB,-0.02430807905848109,0.005304862521588013
2025-04-30,XLB,HistMean,-0.02430807905848109,0.01044819716938948
2025-04-30,XLB,RF,-0.02430807905848109,0.009377801053781882
2025-04-30,XLB,Ridge,-0.02430807905848109,0.037907853219718415
2025-04-30,XLE,GB,-0.1385767992239758,-0.028150205665186542
2025-04-30,XLE,HistMean,-0.1385767992239758,0.011594749984432122
2025-04-30,XLE,RF,-0.1385767992239758,0.010657436005663405
2025-04-30,XLE,Ridge,-0.1385767992239758,0.02245715687585001
2025-04-30,XLF,GB,-0.021080225973937883,0.01716530699004304
2025-04-30,XLF,HistMean,-0.021080225973937883,0.012768438617614758
2025-04-30,XLF,RF,-0.021080225973937883,-0.02276503448072418
2025-04-30,XLF,Ridge,-0.021080225973937883,0.010892576496846046
2025-04-30,XLI,GB,0.001144346598621837,0.008340596595505054
2025-04-30,XLI,HistMean,0.001144346598621837,0.011830195126355872
2025-04-30,XLI,RF,0.001144346598621837,-0.005619474441672442
2025-04-30,XLI,Ridge,0.001144346598621837,0.058330278069358074
2025-04-30,XLK,GB,0.01690236626141406,-0.010331939940984658
2025-04-30,XLK,HistMean,0.01690236626141406,0.01729865922054576
2025-04-30,XLK,RF,0.01690236626141406,-0.015243870143183043
2025-04-30,XLK,Ridge,0.01690236626141406,0.021449478506150157
2025-04-30,XLP,GB,0.001959182795748582,0.002837869991375193
2025-04-30,XLP,HistMean,0.001959182795748582,0.00725844445095958
2025-04-30,XLP,RF,0.001959182795748582,0.00473202290729581
2025-04-30,XLP,Ridge,0.001959182795748582,0.005230006461009386
2025-04-30,XLU,GB,0.0006340885906943594,0.024666498707426265
2025-04-30,XLU,HistMean,0.0006340885906943594,0.008753068088300673
2025-04-30,XLU,RF,0.0006340885906943594,0.013791038129262937
2025-04-30,XLU,Ridge,0.0006340885906943594,0.010084233715517105
2025-04-30,XLV,GB,-0.03794273249070046,-0.0011635503099654938
2025-04-30,XLV,HistMean,-0.03794273249070046,0.009398662909135009
2025-04-30,XLV,RF,-0.03794273249070046,0.004920642222449092
2025-04-30,XLV,Ridge,-0.03794273249070046,-0.001344708159117438
2025-04-30,XLY,GB,-0.0010128311153183578,-0.02959023531087908
2025-04-30,XLY,HistMean,-0.0010128311153183578,0.011634038612072004
2025-04-30,XLY,RF,-0.0010128311153183578,-0.02524484498729907
2025-04-30,XLY,Ridge,-0.0010128311153183578,0.02188843026835459
2025-05-31,SPY,GB,0.06284497903783204,0.04295654575999444
2025-05-31,SPY,HistMean,0.06284497903783204,0.011926410432241956
2025-05-31,SPY,RF,0.06284497903783204,0.02054636187642558
2025-05-31,SPY,Ridge,0.06284497903783204,0.031545187069566466
2025-05-31,XLB,GB,0.029204899133977058,0.029134912441232078
2025-05-31,XLB,HistMean,0.029204899133977058,0.010135077563732987
2025-05-31,XLB,RF,0.029204899133977058,0.010077206017664047
2025-05-31,XLB,Ridge,0.029204899133977058,0.05233779857821549
2025-05-31,XLE,GB,0.012795057618598227,-0.01525210107103462
2025-05-31,XLE,HistMean,0.012795057618598227,0.010241853144716737
2025-05-31,XLE,RF,0.012795057618598227,-0.021637726084835086
2025-05-31,XLE,Ridge,0.012795057618598227,0.04768706586789965
2025-05-31,XLF,GB,0.04511898502044964,0.011054473182280264
2025-05-31,XLF,HistMean,0.04511898502044964,0.012463495693366536
2025-05-31,XLF,RF,0.04511898502044964,-0.0001398139927551786
2025-05-31,XLF,Ridge,0.04511898502044964,-0.0008745390210824922
2025-05-31,XLI,GB,0.0884012285749507,0.06966064093381891
2025-05-31,XLI,HistMean,0.0884012285749507,0.011733926220700611
2025-05-31,XLI,RF,0.0884012285749507,0.005953122986522451
2025-05-31,XLI,Ridge,0.0884012285749507,0.06263847237421004
2025-05-31,XLK,GB,0.0997286221913829,0.028220479357299568
2025-05-31,XLK,HistMean,0.0997286221913829,0.017295089013706733
2025-05-31,XLK,RF,0.0997286221913829,0.023063137590041034
2025-05-31,XLK,Ridge,0.0997286221913829,0.02565415053556604
2025-05-31,XLP,GB,0.012220374521557664,0.005672710665303672
2025-05-31,XLP,HistMean,0.012220374521557664,0.007210703354966689
2025-05-31,XLP,RF,0.012220374521557664,0.0030177138373928282
2025-05-31,XLP,Ridge,0.012220374521557664,-0.00646286805961859
2025-05-31,XLU,GB,0.038276391855911696,0.031232771696850476
2025-05-31,XLU,HistMean,0.038276391855911696,0.00867992412886278
2025-05-31,XLU,RF,0.038276391855911696,0.013783332792037847
2025-05-31,XLU,Ridge,0.038276391855911696,0.01279172621620024
2025-05-31,XLV,GB,-0.05574137672924806,-0.0003809513062765279
2025-05-31,XLV,HistMean,-0.05574137672924806,0.008972163851478834
2025-05-31,XLV,RF,-0.05574137672924806,0.012151750229944752
2025-05-31,XLV,Ridge,-0.05574137672924806,-0.006552321182396022
2025-05-31,XLY,GB,0.08384879950139768,0.04038208247272627
2025-05-31,XLY,HistMean,0.08384879950139768,0.01152010284876218
2025-05-31,XLY,RF,0.08384879950139768,0.032948800279189935
2025-05-31,XLY,Ridge,0.08384879950139768,0.0356121533989405
2025-06-30,SPY,GB,0.05138616104558413,0.010492557490874244
2025-06-30,SPY,HistMean,0.05138616104558413,0.01238104050907758
2025-06-30,SPY,RF,0.05138616104558413,0.00420168137701899
2025-06-30,SPY,Ridge,0.05138616104558413,0.007324584460823241
2025-06-30,XLB,GB,0.02220651353944403,-0.01311820278699047
2025-06-30,XLB,HistMean,0.02220651353944403,0.010305343827753024
2025-06-30,XLB,RF,0.02220651353944403,0.009128405446091715
2025-06-30,XLB,Ridge,0.02220651353944403,0.03132153904135263
2025-06-30,XLE,GB,0.048692602869278234,0.01825184689479186
2025-06-30,XLE,HistMean,0.048692602869278234,0.010264649613233534
2025-06-30,XLE,RF,0.048692602869278234,0.00873813114019672
2025-06-30,XLE,Ridge,0.048692602869278234,0.01598831581166365
2025-06-30,XLF,GB,0.031190719648079845,-0.002579691556250108
2025-06-30,XLF,HistMean,0.031190719648079845,0.01275506256235835
2025-06-30,XLF,RF,0.031190719648079845,0.0015432278803681862
2025-06-30,XLF,Ridge,0.031190719648079845,-0.0018757321653928537
2025-06-30,XLI,GB,0.036052089641722684,0.016505478002617542
2025-06-30,XLI,HistMean,0.036052089641722684,0.012418455706006415
2025-06-30,XLI,RF,0.036052089641722684,0.008708943469508805
2025-06-30,XLI,Ridge,0.036052089641722684,0.021992011722666606
2025-06-30,XLK,GB,0.0984785067091436,-0.002812913064562571
2025-06-30,XLK,HistMean,0.0984785067091436,0.01803110270279313
2025-06-30,XLK,RF,0.0984785067091436,0.008596647427851746
2025-06-30,XLK,Ridge,0.0984785067091436,0.005246535405446078
2025-06-30,XLP,GB,-0.015749762886031915,-0.016758934074897404
2025-06-30,XLP,HistMean,-0.015749762886031915,0.00725543256181125
2025-06-30,XLP,RF,-0.015749762886031915,0.005310057513949232
2025-06-30,XLP,Ridge,-0.015749762886031915,0.002313420124715973
2025-06-30,XLU,GB,0.003747296420888002,0.007615881416564321
2025-06-30,XLU,HistMean,0.003747296420888002,0.008944178304997144
2025-06-30,XLU,RF,0.003747296420888002,0.0052496122339472625
2025-06-30,XLU,Ridge,0.003747296420888002,0.0037598859479989017
2025-06-30,XLV,GB,0.02106041380111412,0.02864824970265286
2025-06-30,XLV,HistMean,0.02106041380111412,0.008394364382008059
2025-06-30,XLV,RF,0.02106041380111412,0.024457496616716763
2025-06-30,XLV,Ridge,0.02106041380111412,-0.04522253572023127
2025-06-30,XLY,GB,0.01867200605392716,0.022411329265462354
2025-06-30,XLY,HistMean,0.01867200605392716,0.01216589478316071
2025-06-30,XLY,RF,0.01867200605392716,0.005661105402496859
2025-06-30,XLY,Ridge,0.01867200605392716,0.0010398623528176734
2025-07-31,SPY,GB,0.023031541148865298,-0.005451626026772081
2025-07-31,SPY,HistMean,0.023031541148865298,0.01272621856692277
2025-07-31,SPY,RF,0.023031541148865298,0.0072982329497297905
2025-07-31,SPY,Ridge,0.023031541148865298,0.0026978288157164052
2025-07-31,XLB,GB,-0.0009110870042697838,-0.05762202531461436
2025-07-31,XLB,HistMean,-0.0009110870042697838,0.010410663913697191
2025-07-31,XLB,RF,-0.0009110870042697838,-0.03929935181813632
2025-07-31,XLB,Ridge,-0.0009110870042697838,0.019849951748591266
2025-07-31,XLE,GB,0.02829863296829238,0.03469161081297547
2025-07-31,XLE,HistMean,0.02829863296829238,0.01060471999603039
2025-07-31,XLE,RF,0.02829863296829238,0.0032241226105800564
2025-07-31,XLE,Ridge,0.02829863296829238,-0.00827014981580036
2025-07-31,XLF,GB,0.0,0.017354610087875408
2025-07-31,XLF,HistMean,0.0,0.012918209970196593
2025-07-31,XLF,RF,0.0,0.008382083009030483
2025-07-31,XLF,Ridge,0.0,-0.010045001140006775
2025-07-31,XLI,GB,0.030436621099036776,-0.014889867557647863
2025-07-31,XLI,HistMean,0.030436621099036776,0.012627602908977355
2025-07-31,XLI,RF,0.030436621099036776,-0.0038243997824596145
2025-07-31,XLI,Ridge,0.030436621099036776,0.004848873882523103
2025-07-31,XLK,GB,0.03755479777722748,0.002899596280545764
2025-07-31,XLK,HistMean,0.03755479777722748,0.018743026632052868
2025-07-31,XLK,RF,0.03755479777722748,0.018892198083800636
2025-07-31,XLK,Ridge,0.03755479777722748,0.005762315661703817
2025-07-31,XLP,GB,-0.01469684369846136,0.024140959466231095
2025-07-31,XLP,HistMean,-0.01469684369846136,0.0070518467613878595
2025-07-31,XLP,RF,-0.01469684369846136,0.013377807827335579
2025-07-31,XLP,Ridge,-0.01469684369846136,0.002085190696274091
2025-07-31,XLU,GB,0.04910591681815357,0.0013175064604624418
2025-07-31,XLU,HistMean,0.04910591681815357,0.008898188199828036
2025-07-31,XLU,RF,0.04910591681815357,0.008253293074124056
2025-07-31,XLU,Ridge,0.04910591681815357,0.029885863919901674
2025-07-31,XLV,GB,-0.032346560825628035,-0.016243604153981014
2025-07-31,XLV,HistMean,-0.032346560825628035,0.008506453314920502
2025-07-31,XLV,RF,-0.032346560825628035,0.0014539962848668596
2025-07-31,XLV,Ridge,-0.032346560825628035,-0.009608089460622552
2025-07-31,XLY,GB,0.018865297116583912,0.00442892499332111
2025-07-31,XLY,HistMean,0.018865297116583912,0.012223470989096695
2025-07-31,XLY,RF,0.018865297116583912,0.014585667751946122
2025-07-31,XLY,Ridge,0.018865297116583912,0.005360007476032406
2025-08-31,SPY,GB,0.020519438455756323,0.026958981611211776
2025-08-31,SPY,HistMean,0.020519438455756323,0.012816616133431038
2025-08-31,SPY,RF,0.020519438455756323,0.015566287358747998
2025-08-31,SPY,Ridge,0.020519438455756323,0.010786782331191992
2025-08-31,XLB,GB,0.05186366206337967,0.007665354464259482
2025-08-31,XLB,HistMean,0.05186366206337967,0.010311350309153621
2025-08-31,XLB,RF,0.05186366206337967,-0.01231158747888509
2025-08-31,XLB,Ridge,0.05186366206337967,0.016844509587147526
2025-08-31,XLE,GB,0.03646371411331817,0.00658419621877855
2025-08-31,XLE,HistMean,0.03646371411331817,0.010759929758944969
2025-08-31,XLE,RF,0.03646371411331817,0.0035036454020812356
2025-08-31,XLE,Ridge,0.03646371411331817,-0.0185599537228336
2025-08-31,XLF,GB,0.030933778483985375,0.03765086478569957
2025-08-31,XLF,HistMean,0.030933778483985375,0.01280489233887908
2025-08-31,XLF,RF,0.030933778483985375,0.016909081048715018
2025-08-31,XLF,Ridge,0.030933778483985375,-0.0025023952162055267
2025-08-31,XLI,GB,0.0,0.047925278531853036
2025-08-31,XLI,HistMean,0.0,0.012783822366784894
2025-08-31,XLI,RF,0.0,0.005935028917016766
2025-08-31,XLI,Ridge,0.0,-0.0006115509449024868
2025-08-31,XLK,GB,-0.0011035915999687562,0.030254948405010574
2025-08-31,XLK,HistMean,-0.0011035915999687562,0.01890804216841405
2025-08-31,XLK,RF,-0.0011035915999687562,0.02367924890846882
2025-08-31,XLK,Ridge,-0.0011035915999687562,-0.005182068913033945
2025-08-31,XLP,GB,0.012534392495469504,0.007252919555269654
2025-08-31,XLP,HistMean,0.012534392495469504,0.0068610687748979545
2025-08-31,XLP,RF,0.012534392495469504,0.009394932933506002
2025-08-31,XLP,Ridge,0.012534392495469504,0.00791896666607238
2025-08-31,XLU,GB,-0.015758155795683404,0.015882319468036924
2025-08-31,XLU,HistMean,-0.015758155795683404,0.009250887573672997
2025-08-31,XLU,RF,-0.015758155795683404,0.010814235205516609
2025-08-31,XLU,Ridge,-0.015758155795683404,0.008497276923317877
2025-08-31,XLV,GB,0.05366858268083252,0.0031443583828325173
2025-08-31,XLV,HistMean,0.05366858268083252,0.008148093541757795
2025-08-31,XLV,RF,0.05366858268083252,0.008051633561287403
2025-08-31,XLV,Ridge,0.05366858268083252,0.009922693404204484
2025-08-31,XLY,GB,0.04656106511787472,0.03651537418063747
2025-08-31,XLY,HistMean,0.04656106511787472,0.012281732621793951
2025-08-31,XLY,RF,0.04656106511787472,0.01879919418722245
2025-08-31,XLY,Ridge,0.04656106511787472,0.018108686708255925
2025-09-30,SPY,GB,0.035620412937162005,0.0023419598024431785
2025-09-30,SPY,HistMean,0.035620412937162005,0.012883597197103433
2025-09-30,SPY,RF,0.035620412937162005,0.00856359351858515
2025-09-30,SPY,Ridge,0.035620412937162005,0.011361210625242145
2025-09-30,XLB,GB,-0.02421651836241645,-0.0015329833796796605
2025-09-30,XLB,HistMean,-0.02421651836241645,0.010672674759190369
2025-09-30,XLB,RF,-0.02421651836241645,0.0012728732911015243
2025-09-30,XLB,Ridge,-0.02421651836241645,0.012501178519358464
2025-09-30,XLE,GB,-0.0031819542416609004,-0.08252552287923749
2025-09-30,XLE,HistMean,-0.0031819542416609004,0.010983440927243866
2025-09-30,XLE,RF,-0.0031819542416609004,-0.01811225727039573
2025-09-30,XLE,Ridge,-0.0031819542416609004,-0.014725987929975946
2025-09-30,XLF,GB,0.0010619423721083265,0.019499040237285988
2025-09-30,XLF,HistMean,0.0010619423721083265,0.012962534827097395
2025-09-30,XLF,RF,0.0010619423721083265,0.009711529979761845
2025-09-30,XLF,Ridge,0.0010619423721083265,-0.001311153436123133
2025-09-30,XLI,GB,0.018796052971884247,0.0117904281660964
2025-09-30,XLI,HistMean,0.018796052971884247,0.012672658694030243
2025-09-30,XLI,RF,0.018796052971884247,0.003046307648764776
2025-09-30,XLI,Ridge,0.018796052971884247,0.011470270817581386
2025-09-30,XLK,GB,0.07533705604273622,0.021331589562966432
2025-09-30,XLK,HistMean,0.07533705604273622,0.01873402796173246
2025-09-30,XLK,RF,0.07533705604273622,0.02296709340020887
2025-09-30,XLK,Ridge,0.07533705604273622,-0.012412388539009098
2025-09-30,XLP,GB,-0.023176768285335547,0.03230857090131397
2025-09-30,XLP,HistMean,-0.023176768285335547,0.006910402024642054
2025-09-30,XLP,RF,-0.023176768285335547,0.015793272194629577
2025-09-30,XLP,Ridge,-0.023176768285335547,0.020282839647920308
2025-09-30,XLU,GB,0.04123629596202938,0.01902782224777892
2025-09-30,XLU,HistMean,0.04123629596202938,0.009033417631330767
2025-09-30,XLU,RF,0.04123629596202938,0.021555914319845035
2025-09-30,XLU,Ridge,0.04123629596202938,0.018690208351936754
2025-09-30,XLV,GB,0.017292123915284563,0.05652427498507476
2025-09-30,XLV,HistMean,0.017292123915284563,0.008543923882097576
2025-09-30,XLV,RF,0.017292123915284563,0.0203246769462554
2025-09-30,XLV,Ridge,0.017292123915284563,-0.012529893318036507
2025-09-30,XLY,GB,0.035913766748559395,-0.005710066202055526
2025-09-30,XLY,HistMean,0.035913766748559395,0.012579813773933786
2025-09-30,XLY,RF,0.035913766748559395,0.018182953553621928
2025-09-30,XLY,Ridge,0.035913766748559395,0.03708695828294262
2025-10-31,SPY,GB,0.023837414102428234,0.003747162571861525
2025-10-31,SPY,HistMean,0.023837414102428234,0.013079604229345317
2025-10-31,SPY,RF,0.023837414102428234,0.0021918546293880044
2025-10-31,SPY,Ridge,0.023837414102428234,-0.004348621416052616
2025-10-31,XLB,GB,-0.044074973911881976,-0.0006875245724843979
2025-10-31,XLB,HistMean,-0.044074973911881976,0.01037190585296962
2025-10-31,XLB,RF,-0.044074973911881976,0.0012717924209773594
2025-10-31,XLB,Ridge,-0.044074973911881976,-0.0018227942830095333
2025-10-31,XLE,GB,-0.01354369615863904,0.011853963312792612
2025-10-31,XLE,HistMean,-0.01354369615863904,0.01086132545164986
2025-10-31,XLE,RF,-0.01354369615863904,0.00039428302089091676
2025-10-31,XLE,Ridge,-0.01354369615863904,-0.020806148822810826
2025-10-31,XLF,GB,-0.02784484461140624,0.02937620678980865
2025-10-31,XLF,HistMean,-0.02784484461140624,0.012859943512830247
2025-10-31,XLF,RF,-0.02784484461140624,0.020983631576742108
2025-10-31,XLF,Ridge,-0.02784484461140624,0.009358447645521557
2025-10-31,XLI,GB,0.005381641274156079,0.00304537030186028
2025-10-31,XLI,HistMean,0.005381641274156079,0.01272544657573588
2025-10-31,XLI,RF,0.005381641274156079,0.0005168766392661174
2025-10-31,XLI,Ridge,0.005381641274156079,-0.0004123960320013449
2025-10-31,XLK,GB,0.06677072126753791,-0.0023373229135443623
2025-10-31,XLK,HistMean,0.06677072126753791,0.019221985100361806
2025-10-31,XLK,RF,0.06677072126753791,0.0015633144494686538
2025-10-31,XLK,Ridge,0.06677072126753791,-0.02781719567342392
2025-10-31,XLP,GB,-0.026668357458365044,0.009466847844505369
2025-10-31,XLP,HistMean,-0.026668357458365044,0.0066510298667974204
2025-10-31,XLP,RF,-0.026668357458365044,0.014895529083043474
2025-10-31,XLP,Ridge,-0.026668357458365044,0.009165816017652425
2025-10-31,XLU,GB,0.02167175215942252,-0.005941303897681562
2025-10-31,XLU,HistMean,0.02167175215942252,0.009311028651422996
2025-10-31,XLU,RF,0.02167175215942252,0.004843113860373228
2025-10-31,XLU,Ridge,0.02167175215942252,-0.0051149068297115866
2025-10-31,XLV,GB,0.03650224156743542,-0.01635056182823376
2025-10-31,XLV,HistMean,0.03650224156743542,0.008619339399625048
2025-10-31,XLV,RF,0.03650224156743542,0.00021352086559005298
2025-10-31,XLV,Ridge,0.03650224156743542,-0.04345638665640594
2025-10-31,XLY,GB,0.001210095968300795,-0.004213073440245883
2025-10-31,XLY,HistMean,0.001210095968300795,0.012780968540956419
2025-10-31,XLY,RF,0.001210095968300795,-0.008789897204451908
2025-10-31,XLY,Ridge,0.001210095968300795,0.00539932570354517
2025-11-30,SPY,GB,0.0019499438514807288,0.005778138629336048
2025-11-30,SPY,HistMean,0.0019499438514807288,0.013171551322277649
2025-11-30,SPY,RF,0.0019499438514807288,0.0022823467190955606
2025-11-30,SPY,Ridge,0.0019499438514807288,-0.0027607561022776547
2025-11-30,XLB,GB,0.04353912833628182,-0.050297263366245834
2025-11-30,XLB,HistMean,0.04353912833628182,0.009906547906261486
2025-11-30,XLB,RF,0.04353912833628182,-0.0137408280352617
2025-11-30,XLB,Ridge,0.04353912833628182,-0.010385663209519641
2025-11-30,XLE,GB,0.02632478542347183,-0.045232707998320194
2025-11-30,XLE,HistMean,0.02632478542347183,0.010652735523356792
2025-11-30,XLE,RF,0.02632478542347183,-6.740775908762116e-05
2025-11-30,XLE,Ridge,0.02632478542347183,0.022656949745776506
2025-11-30,XLF,GB,0.018331163227289782,-0.005013859564296548
2025-11-30,XLF,HistMean,0.018331163227289782,0.012512039340828228
2025-11-30,XLF,RF,0.018331163227289782,0.013456622509236021
2025-11-30,XLF,Ridge,0.018331163227289782,0.0043644361146036575
2025-11-30,XLI,GB,-0.00883527582919763,0.004957194923320026
2025-11-30,XLI,HistMean,-0.00883527582919763,0.012662679009055712
2025-11-30,XLI,RF,-0.00883527582919763,0.0020732017062255106
2025-11-30,XLI,Ridge,-0.00883527582919763,-0.006053642042626921
2025-11-30,XLK,GB,-0.048091077705214036,0.002024139232370458
2025-11-30,XLK,HistMean,-0.048091077705214036,0.019628384554782115
2025-11-30,XLK,RF,-0.048091077705214036,0.005867517757853091
2025-11-30,XLK,Ridge,-0.048091077705214036,-0.001587248035842613
2025-11-30,XLP,GB,0.04050864025145895,0.048577041785971796
2025-11-30,XLP,HistMean,0.04050864025145895,0.006366248778548168
2025-11-30,XLP,RF,0.04050864025145895,0.017691581566836517
2025-11-30,XLP,Ridge,0.04050864025145895,0.01271043626701222
2025-11-30,XLU,GB,0.017171634599471908,0.033490271536781815
2025-11-30,XLU,HistMean,0.017171634599471908,0.009416675860893078
2025-11-30,XLU,RF,0.017171634599471908,0.01184495670373454
2025-11-30,XLU,Ridge,0.017171634599471908,0.001521781117497463
2025-11-30,XLV,GB,0.09289422803895753,-0.0349410769880843
2025-11-30,XLV,HistMean,0.09289422803895753,0.008857654802768728
2025-11-30,XLV,RF,0.09289422803895753,-0.004033014083876804
2025-11-30,XLV,Ridge,0.09289422803895753,-0.05740489939462691
2025-11-30,XLY,GB,-0.01446248090060398,-0.007863643942101008
2025-11-30,XLY,HistMean,-0.01446248090060398,0.012682072194181585
2025-11-30,XLY,RF,-0.01446248090060398,-0.009297202384222427
2025-11-30,XLY,Ridge,-0.01446248090060398,-0.00948775616421632
2025-12-31,SPY,GB,0.008267742385457577,-0.02660161380951375
2025-12-31,SPY,HistMean,0.008267742385457577,0.013076452953881065
2025-12-31,SPY,RF,0.008267742385457577,0.0063686634123072735
2025-12-31,SPY,Ridge,0.008267742385457577,0.0011215532618372003
2025-12-31,XLB,GB,0.028323513451523397,-0.042605833592733025
2025-12-31,XLB,HistMean,0.028323513451523397,0.010191569774312506
2025-12-31,XLB,RF,0.028323513451523397,-0.008416729359808015
2025-12-31,XLB,Ridge,0.028323513451523397,-0.007607732815538254
2025-12-31,XLE,GB,0.0026147898569648387,-0.012237593896040289
2025-12-31,XLE,HistMean,0.0026147898569648387,0.010785549505561157
2025-12-31,XLE,RF,0.0026147898569648387,-0.0021003711975187806
2025-12-31,XLE,Ridge,0.0026147898569648387,0.022678598547897603
2025-12-31,XLF,GB,0.03830593522374359,0.019914301127756263
2025-12-31,XLF,HistMean,0.03830593522374359,0.012561353950035528
2025-12-31,XLF,RF,0.03830593522374359,-0.008865294576816554
2025-12-31,XLF,Ridge,0.03830593522374359,-0.010270479819640724
2025-12-31,XLI,GB,0.021248841875928237,0.019721065593006973
2025-12-31,XLI,HistMean,0.021248841875928237,0.012480492951104412
2025-12-31,XLI,RF,0.021248841875928237,0.011847326253096273
2025-12-31,XLI,Ridge,0.021248841875928237,0.010312960597514746
2025-12-31,XLK,GB,0.0176128081797724,-0.008130333420954608
2025-12-31,XLK,HistMean,0.0176128081797724,0.019054490806816045
2025-12-31,XLK,RF,0.0176128081797724,0.012233250830666776
2025-12-31,XLK,Ridge,0.0176128081797724,0.002729704030316825
2025-12-31,XLP,GB,-0.0074715806030447585,0.024433442713442867
2025-12-31,XLP,HistMean,-0.0074715806030447585,0.006655591079166056
2025-12-31,XLP,RF,-0.0074715806030447585,0.017340210387295475
2025-12-31,XLP,Ridge,-0.0074715806030447585,0.010548096470819616
2025-12-31,XLU,GB,-0.044867053228670684,0.014816015498668044
2025-12-31,XLU,HistMean,-0.044867053228670684,0.009482395850203069
2025-12-31,XLU,RF,-0.044867053228670684,0.007861408402316921
2025-12-31,XLU,Ridge,-0.044867053228670684,-0.0031927729126000753
2025-12-31,XLV,GB,-0.008290893261837518,-0.0581033266780339
2025-12-31,XLV,HistMean,-0.008290893261837518,0.009569829152227954
2025-12-31,XLV,RF,-0.008290893261837518,-0.02676625659643999
2025-12-31,XLV,Ridge,-0.008290893261837518,-0.03866097238178676
2025-12-31,XLY,GB,0.02003325432235581,0.029290549186049515
2025-12-31,XLY,HistMean,0.02003325432235581,0.012452033608632555
2025-12-31,XLY,RF,0.02003325432235581,0.02048575060822941
2025-12-31,XLY,Ridge,0.02003325432235581,-0.005634363923258971
